base,comuna,demand_within_1500m
B01,Coquimbo,474.0
B02,Coquimbo,509.0
B03,Coquimbo,845.0
B04,Coquimbo,1193.0
B05,Coquimbo,682.0
B06,Coquimbo,841.0
B07,Coquimbo,1271.0
B08,Coquimbo,1454.0
B09,Coquimbo,1976.0
B10,Coquimbo,2083.0
B11,Coquimbo,2163.0
B12,Coquimbo,2719.0
B13,Coquimbo,2806.0
B14,Coquimbo,2846.0
B15,Coquimbo,2168.0
B16,Coquimbo,661.0
B17,Coquimbo,2801.0
B18,Coquimbo,2312.0
B19,Coquimbo,1227.0
B20,Coquimbo,735.0
B21,Coquimbo,2611.0
B22,Coquimbo,616.0
B23,Coquimbo,2746.0
B24,Coquimbo,444.0
B25,Coquimbo,2319.0
B26,Coquimbo,518.0
B27,Coquimbo,717.0
B28,Coquimbo,618.0
B29,Coquimbo,527.0
B30,Coquimbo,1336.0
B31,Coquimbo,1434.0
B32,Coquimbo,1453.0
B33,Coquimbo,2010.0
B34,Coquimbo,475.0
B35,Coquimbo,979.0
B36,Coquimbo,1067.0
B37,Coquimbo,401.0
B38,La Serena,1223.0
B39,La Serena,525.0
B40,La Serena,1317.0
B41,La Serena,332.0
B42,La Serena,1681.0
B43,Coquimbo,285.0
B44,La Serena,1941.0
B45,La Serena,2005.0
B46,La Serena,2084.0
B47,La Serena,2258.0
B48,La Serena,333.0
B49,La Serena,2207.0
B50,La Serena,1276.0
B51,La Serena,861.0
B52,La Serena,2164.0
B53,La Serena,1234.0
B54,La Serena,724.0
B55,La Serena,852.0
B56,La Serena,1080.0
B57,La Serena,1065.0
B58,La Serena,982.0
B59,La Serena,667.0
B60,La Serena,1710.0
B61,La Serena,1224.0
B62,La Serena,1720.0
B63,La Serena,1634.0
B64,La Serena,1597.0
B65,La Serena,1955.0
B66,La Serena,2470.0
B67,La Serena,1297.0
B68,La Serena,0.0
