configuration,unit,base
CURRENT,1,B49
CURRENT,2,B49
CURRENT,3,B49
CURRENT,4,B49
CURRENT,5,B17
CURRENT,6,B17
CURRENT,7,B17
CURRENT,8,B17
PMEDIAN,1,B08
PMEDIAN,2,B15
PMEDIAN,3,B23
PMEDIAN,4,B32
PMEDIAN,5,B42
PMEDIAN,6,B49
PMEDIAN,7,B56
PMEDIAN,8,B65
PCENTER,1,B01
PCENTER,2,B08
PCENTER,3,B26
PCENTER,4,B31
PCENTER,5,B36
PCENTER,6,B42
PCENTER,7,B44
PCENTER,8,B62
MCLP,1,B08
MCLP,2,B20
MCLP,3,B30
MCLP,4,B33
MCLP,5,B42
MCLP,6,B49
MCLP,7,B55
MCLP,8,B65
KMEANS,1,B08
KMEANS,2,B22
KMEANS,3,B23
KMEANS,4,B32
KMEANS,5,B42
KMEANS,6,B49
KMEANS,7,B56
KMEANS,8,B66
RANDOM,1,B11
RANDOM,2,B12
RANDOM,3,B15
RANDOM,4,B44
RANDOM,5,B46
RANDOM,6,B50
RANDOM,7,B53
RANDOM,8,B65
