minute,response_time_cdf,travel_time_cdf,freeflow_travel_cdf
0.0,0.0,0.0025,0.0
0.5,0.0,0.0025,0.0048
1.0,0.0002,0.0094,0.0209
1.5,0.0002,0.0094,0.0538
2.0,0.0009,0.0245,0.1069
2.5,0.0009,0.0245,0.1753
3.0,0.0032,0.0603,0.2532
3.5,0.0032,0.0603,0.3408
4.0,0.0094,0.1109,0.4388
4.5,0.0094,0.1109,0.5224
5.0,0.0207,0.1822,0.606
5.5,0.0207,0.1822,0.6825
6.0,0.0406,0.2673,0.7501
6.5,0.0406,0.2673,0.8059
7.0,0.0624,0.3511,0.8503
7.5,0.0624,0.3511,0.8798
8.0,0.0986,0.4372,0.8965
8.5,0.0986,0.4372,0.9028
9.0,0.1471,0.5202,0.91
9.5,0.1471,0.5202,0.9153
10.0,0.2011,0.5865,0.925
10.5,0.2011,0.5865,0.9308
11.0,0.2597,0.6453,0.9434
11.5,0.2597,0.6453,0.957
12.0,0.3239,0.7005,0.9709
12.5,0.3239,0.7005,0.9832
13.0,0.3854,0.7491,0.9915
13.5,0.3854,0.7491,0.995
14.0,0.4455,0.7892,0.9963
14.5,0.4455,0.7892,0.9969
15.0,0.4992,0.8265,0.9973
15.5,0.4992,0.8265,0.9976
16.0,0.554,0.8559,0.9976
16.5,0.554,0.8559,0.9978
17.0,0.6076,0.8816,0.998
17.5,0.6076,0.8816,0.9981
18.0,0.6548,0.9043,0.9983
18.5,0.6548,0.9043,0.9987
19.0,0.6943,0.9196,0.9987
19.5,0.6943,0.9196,0.9997
20.0,0.73,0.9332,1.0
20.5,0.73,0.9332,1.0
21.0,0.7657,0.9422,1.0
21.5,0.7657,0.9422,1.0
22.0,0.7953,0.9522,1.0
22.5,0.7953,0.9522,1.0
23.0,0.8201,0.9613,1.0
23.5,0.8201,0.9613,1.0
24.0,0.8392,0.9688,1.0
24.5,0.8392,0.9688,1.0
25.0,0.8577,0.9746,1.0
25.5,0.8577,0.9746,1.0
26.0,0.8733,0.9773,1.0
26.5,0.8733,0.9773,1.0
27.0,0.886,0.9802,1.0
27.5,0.886,0.9802,1.0
28.0,0.8983,0.9827,1.0
28.5,0.8983,0.9827,1.0
29.0,0.9064,0.9841,1.0
29.5,0.9064,0.9841,1.0
30.0,0.9169,0.9866,1.0
30.5,0.9169,0.9866,1.0
31.0,0.9253,0.9887,1.0
31.5,0.9253,0.9887,1.0
32.0,0.9308,0.9898,1.0
32.5,0.9308,0.9898,1.0
33.0,0.9369,0.9907,1.0
33.5,0.9369,0.9907,1.0
34.0,0.9425,0.9912,1.0
34.5,0.9425,0.9912,1.0
35.0,0.9458,0.9919,1.0
35.5,0.9458,0.9919,1.0
36.0,0.9503,0.9926,1.0
36.5,0.9503,0.9926,1.0
37.0,0.9547,0.9931,1.0
37.5,0.9547,0.9931,1.0
38.0,0.9576,0.9939,1.0
38.5,0.9576,0.9939,1.0
39.0,0.9597,0.9941,1.0
39.5,0.9597,0.9941,1.0
40.0,0.963,0.9945,1.0
40.5,0.963,0.9945,1.0
41.0,0.9651,0.9954,1.0
41.5,0.9651,0.9954,1.0
42.0,0.9673,0.9961,1.0
42.5,0.9673,0.9961,1.0
43.0,0.9686,0.9962,1.0
43.5,0.9686,0.9962,1.0
44.0,0.9704,0.9963,1.0
44.5,0.9704,0.9963,1.0
45.0,0.9728,0.9963,1.0
45.5,0.9728,0.9963,1.0
46.0,0.9746,0.9965,1.0
46.5,0.9746,0.9965,1.0
47.0,0.9763,0.9965,1.0
47.5,0.9763,0.9965,1.0
48.0,0.9774,0.9967,1.0
48.5,0.9774,0.9967,1.0
49.0,0.9794,0.9969,1.0
49.5,0.9794,0.9969,1.0
50.0,0.9809,0.997,1.0
50.5,0.9809,0.997,1.0
51.0,0.9824,0.9971,1.0
51.5,0.9824,0.9971,1.0
52.0,0.9833,0.9974,1.0
52.5,0.9833,0.9974,1.0
53.0,0.984,0.9976,1.0
53.5,0.984,0.9976,1.0
54.0,0.985,0.9977,1.0
54.5,0.985,0.9977,1.0
55.0,0.9862,0.9978,1.0
55.5,0.9862,0.9978,1.0
56.0,0.9869,0.998,1.0
56.5,0.9869,0.998,1.0
57.0,0.9879,0.998,1.0
57.5,0.9879,0.998,1.0
58.0,0.9892,0.9982,1.0
58.5,0.9892,0.9982,1.0
59.0,0.9898,0.9982,1.0
59.5,0.9898,0.9982,1.0
60.0,0.9903,0.9982,1.0
