configuration,metric,difference,ci_low,ci_high,p
pmedian,mean_rt,-4.013372574566274,-4.339192662956037,-3.687552486176511,1.1002263639224491e-15
pmedian,cov8,19.55805715930162,18.043172611389547,21.07294170721369,3.995745394252551e-18
pmedian,cov15,25.29133685759608,23.26137249103706,27.321301224155096,5.091782529990601e-17
pmedian,mean_travel,-4.267190567366941,-4.509759659303502,-4.02462147543038,1.9105171539816243e-20
pcenter,mean_rt,-1.2147933426487985,-1.5921317160028208,-0.8374549692947761,1.0557751392564988e-06
pcenter,cov8,5.46915444335256,4.146678242467074,6.791630644238046,2.188030938462379e-08
pcenter,cov15,7.709346662815584,5.3148779671691075,10.103815358462061,1.0598869213283857e-06
pcenter,mean_travel,-1.4048875164184595,-1.6809977306733828,-1.1287773021635363,4.6509125500452923e-10
mclp,mean_rt,-3.86264656442925,-4.251065200221663,-3.4742279286368363,7.019601279784432e-16
mclp,cov8,16.032041282683615,13.958711830333563,18.105370735033667,5.683568940523879e-12
mclp,cov15,25.481379429851344,23.277065381615365,27.685693478087323,3.542110339248572e-17
mclp,mean_travel,-4.003986504740047,-4.216918791025888,-3.791054218454207,8.095012736597394e-17
kmeans,mean_rt,-4.1817809977819085,-4.530610907468419,-3.832951088095398,7.1517502888449e-17
kmeans,cov8,19.43022823973169,17.77954349608138,21.080912983382,9.129106413920695e-17
kmeans,cov15,26.290495023902665,24.23496610609199,28.34602394171334,1.912083878398005e-17
kmeans,mean_travel,-4.267856567939089,-4.492677050506733,-4.043036085371445,3.5520151133462118e-19
random,mean_rt,-2.349720479355783,-2.687537911199325,-2.011903047512241,6.17604543276547e-12
random,cov8,8.537096471442117,7.097830668936378,9.976362273947856,2.480789923378459e-11
random,cov15,14.768651295512697,12.740167802987312,16.797134788038083,1.6151953323145449e-12
random,mean_travel,-2.4556432869666533,-2.681187219588718,-2.230099354344589,6.108894441903636e-15
