A,B,mean_A,mean_B,diff,se,T,df,pval,hedges,metric,welch_F,welch_ddof2,welch_p
current,kmeans,16.231449564424654,12.049668566642739,4.181780997781916,0.1675354872893772,24.960568446963695,20.592022419590332,3.3306690738754696e-16,9.838726314807463,mean_rt,202.78372208075368,30.602083665368916,1.6876200985847347e-22
current,mclp,16.231449564424654,12.3688029999954,3.8626465644292534,0.18729046175158673,20.623829576289296,21.998054881780533,1.0658141036401503e-14,8.129310644326496,mean_rt,202.78372208075368,30.602083665368916,1.6876200985847347e-22
current,pcenter,16.231449564424654,15.016656221775852,1.214793342648802,0.18189671633860985,6.6784786834051655,21.892255063561795,1.4173585563104218e-05,2.6324610396960715,mean_rt,202.78372208075368,30.602083665368916,1.6876200985847347e-22
current,pmedian,16.231449564424654,12.218076989858377,4.013372574566278,0.1550764029780341,25.879969469853865,17.9871723263386,1.6764367671839864e-14,10.201127317692913,mean_rt,202.78372208075368,30.602083665368916,1.6876200985847347e-22
current,random,16.231449564424654,13.88172908506887,2.349720479355785,0.16170878662922375,14.530567746719752,19.549675104044844,8.603451284727726e-11,5.727524978548109,mean_rt,202.78372208075368,30.602083665368916,1.6876200985847347e-22
kmeans,mclp,12.049668566642739,12.3688029999954,-0.31913443335266223,0.16654816952687457,-1.9161689633650762,20.67942607671201,0.42059551382322646,-0.7552977827221894,mean_rt,202.78372208075368,30.602083665368916,1.6876200985847347e-22
kmeans,pcenter,12.049668566642739,15.016656221775852,-2.9669876551331136,0.1604586897752773,-18.49066360499631,21.194832754803198,2.0883295093199195e-13,-7.288478985375825,mean_rt,202.78372208075368,30.602083665368916,1.6876200985847347e-22
kmeans,pmedian,12.049668566642739,12.218076989858377,-0.16840842321563798,0.1292643279108185,-1.3028221005552718,20.796598557431253,0.7802535942703203,-0.5135343816981411,mean_rt,202.78372208075368,30.602083665368916,1.6876200985847347e-22
kmeans,random,12.049668566642739,13.88172908506887,-1.8320605184261307,0.13715067401484324,-13.358013233153011,21.773525739648164,8.167222453892009e-11,-5.26533827103428,mean_rt,202.78372208075368,30.602083665368916,1.6876200985847347e-22
mclp,pcenter,12.3688029999954,15.016656221775852,-2.6478532217804513,0.18098775838777656,-14.630012799579932,21.918997580609794,1.2255862991139566e-11,-5.766723310931115,mean_rt,202.78372208075368,30.602083665368916,1.6876200985847347e-22
mclp,pmedian,12.3688029999954,12.218076989858377,0.15072601013702425,0.15400923359353852,0.9786816453799169,18.088895972624762,0.918911382039597,0.3857676910955837,mean_rt,202.78372208075368,30.602083665368916,1.6876200985847347e-22
mclp,random,12.3688029999954,13.88172908506887,-1.5129260850734685,0.16068567124843244,-9.415438684226972,19.650516949253138,1.3830301537343104e-07,-3.7112906520856375,mean_rt,202.78372208075368,30.602083665368916,1.6876200985847347e-22
pcenter,pmedian,15.016656221775852,12.218076989858377,2.7985792319174756,0.14740265392358187,18.985948742607757,18.755004028699176,1.4698242623012447e-12,7.483705906072968,mean_rt,202.78372208075368,30.602083665368916,1.6876200985847347e-22
pcenter,random,15.016656221775852,13.88172908506887,1.1349271367069829,0.15436509740289556,7.352226350395799,20.281288850497994,5.149897996714614e-06,2.8980326718023726,mean_rt,202.78372208075368,30.602083665368916,1.6876200985847347e-22
pmedian,random,12.218076989858377,13.88172908506887,-1.6636520952104927,0.12161767405292029,-13.679361229080708,21.564860116652504,5.939171376923014e-11,-5.392004255843988,mean_rt,202.78372208075368,30.602083665368916,1.6876200985847347e-22
current,kmeans,11.345281728580561,30.775509968312253,-19.43022823973169,0.7930309082222038,-24.501224401568248,20.69389176827221,0.0,-9.657666321859596,cov8,208.20950848701122,30.608223004509814,1.1324624885753272e-22
current,mclp,11.345281728580561,27.37732301126418,-16.032041282683622,0.9844323026628359,-16.28557010910534,17.40112482006804,7.740619256679793e-11,-6.419295599158825,cov8,208.20950848701122,30.608223004509814,1.1324624885753272e-22
current,pcenter,11.345281728580561,16.81443617193312,-5.46915444335256,0.6367195586450834,-8.589581345656674,21.440522201578325,3.015752563229057e-07,-3.3857618346417073,cov8,208.20950848701122,30.608223004509814,1.1324624885753272e-22
current,pmedian,11.345281728580561,30.90333888788218,-19.55805715930162,0.7298909256646884,-26.79586287703292,21.70750875337256,0.0,-10.56214572101648,cov8,208.20950848701122,30.608223004509814,1.1324624885753272e-22
current,random,11.345281728580561,19.88237820002268,-8.537096471442117,0.6939791006454692,-12.301662202077518,21.98913396136512,3.509870172280216e-10,-4.848955578901307,cov8,208.20950848701122,30.608223004509814,1.1324624885753272e-22
kmeans,mclp,30.775509968312253,27.37732301126418,3.398186957048072,1.0616515042177843,3.200849754884327,20.162963123390277,0.04417877684892757,1.2616813907920565,cov8,208.20950848701122,30.608223004509814,1.1324624885753272e-22
kmeans,pcenter,30.775509968312253,16.81443617193312,13.961073796379132,0.7506055916678352,18.599746593091346,19.009016687544133,1.6361356713900932e-12,7.3314763100460985,cov8,208.20950848701122,30.608223004509814,1.1324624885753272e-22
kmeans,pmedian,30.775509968312253,30.90333888788218,-0.1278289195699287,0.8311063236731427,-0.15380573571499045,21.58176086238975,0.9999860294480464,-0.06062572423231325,cov8,208.20950848701122,30.608223004509814,1.1324624885753272e-22
kmeans,random,30.775509968312253,19.88237820002268,10.893131768289575,0.7997524304524027,13.620629776801758,20.892071284377543,1.0352885215780816e-10,5.36885403447497,cov8,208.20950848701122,30.608223004509814,1.1324624885753272e-22
mclp,pcenter,27.37732301126418,16.81443617193312,10.56288683933106,0.9505880765996072,11.11194964396782,15.837000879673846,9.060593331167155e-08,4.380005671874862,cov8,208.20950848701122,30.608223004509814,1.1324624885753272e-22
mclp,pmedian,27.37732301126418,30.90333888788218,-3.5260158766180005,1.0153554345054772,-3.4726911944242715,18.65742270880774,0.026733205516102698,-1.3688333384866669,cov8,208.20950848701122,30.608223004509814,1.1324624885753272e-22
mclp,random,27.37732301126418,19.88237820002268,7.494944811241503,0.9898549828863039,7.571760450593581,17.634564107888202,7.883455260482286e-06,2.984566595627175,cov8,208.20950848701122,30.608223004509814,1.1324624885753272e-22
pcenter,pmedian,16.81443617193312,30.90333888788218,-14.088902715949061,0.6835579684378956,-20.611130827932264,20.479219840000717,5.240252676230739e-14,-8.124305168994843,cov8,208.20950848701122,30.608223004509814,1.1324624885753272e-22
pcenter,random,16.81443617193312,19.88237820002268,-3.0679420280895577,0.645071875824688,-4.755969285077523,21.28628850469651,0.0012708610296056078,-1.8746640428856245,cov8,208.20950848701122,30.608223004509814,1.1324624885753272e-22
pmedian,random,30.90333888788218,19.88237820002268,11.020960687859503,0.7371883694053016,14.949992627732637,21.80693815986534,8.668288309365835e-12,5.89285000400475,cov8,208.20950848701122,30.608223004509814,1.1324624885753272e-22
current,kmeans,51.490226825446626,77.78072184934929,-26.290495023902665,0.9872825222011188,-26.629150656175643,20.610926176215784,0.0,-10.496432637685308,cov15,213.83825638695762,30.6986907502647,6.802619028795348e-23
current,mclp,51.490226825446626,76.97160625529797,-25.481379429851344,1.0624229464491202,-23.984214116436778,21.831955201722874,0.0,-9.453875983183721,cov15,213.83825638695762,30.6986907502647,6.802619028795348e-23
current,pcenter,51.490226825446626,59.19957348826221,-7.709346662815584,1.1541770872556847,-6.679518028854902,21.865819251350654,1.4225695573966135e-05,-2.6328707192852363,cov15,213.83825638695762,30.6986907502647,6.802619028795348e-23
current,pmedian,51.490226825446626,76.7815636830427,-25.29133685759608,0.9739090927116366,-25.96888872572068,20.244915549134568,3.552713678800501e-15,-10.236176688641688,cov15,213.83825638695762,30.6986907502647,6.802619028795348e-23
current,random,51.490226825446626,66.25887812095932,-14.768651295512697,0.9731290880281326,-15.176456522781224,20.222086912991376,2.2671420296660472e-11,-5.982115450354764,cov15,213.83825638695762,30.6986907502647,6.802619028795348e-23
kmeans,mclp,77.78072184934929,76.97160625529797,0.8091155940513204,0.9357874076876553,0.8646361207730473,21.339894006838936,0.9509093552555572,0.34081427962100935,cov15,213.83825638695762,30.6986907502647,6.802619028795348e-23
kmeans,pcenter,77.78072184934929,59.19957348826221,18.58114836108708,1.038787901350015,17.88733613179255,19.825223083081784,1.500022328571049e-12,7.050664934799663,cov15,213.83825638695762,30.6986907502647,6.802619028795348e-23
kmeans,pmedian,77.78072184934929,76.7815636830427,0.9991581663065858,0.8339391321382846,1.198118816830992,21.968754055753195,0.8330364743706105,0.4722634084423261,cov15,213.83825638695762,30.6986907502647,6.802619028795348e-23
kmeans,random,77.78072184934929,66.25887812095932,11.521843728389968,0.8330280770848105,13.831278975266676,21.964883716945067,3.615818755520195e-11,5.451885789802716,cov15,213.83825638695762,30.6986907502647,6.802619028795348e-23
mclp,pcenter,76.97160625529797,59.19957348826221,17.77203276703576,1.1104485771475399,16.004372586696086,21.417362809932786,3.059663633564469e-12,6.308455757138999,cov15,213.83825638695762,30.6986907502647,6.802619028795348e-23
mclp,pmedian,76.97160625529797,76.7815636830427,0.19004257225526544,0.9216670844775692,0.2061943791374385,21.052191313064622,0.999940050427232,0.08127579579349212,cov15,213.83825638695762,30.6986907502647,6.802619028795348e-23
mclp,random,76.97160625529797,66.25887812095932,10.712728134338647,0.9208428289938758,11.63361194444388,21.033552675877992,1.7676955454959398e-09,4.585629698989563,cov15,213.83825638695762,30.6986907502647,6.802619028795348e-23
pcenter,pmedian,59.19957348826221,76.7815636830427,-17.581990194780495,1.0260859838306773,-17.135006687394572,19.42151944679427,4.8545611974759595e-12,-6.754118663518598,cov15,213.83825638695762,30.6986907502647,6.802619028795348e-23
pcenter,random,59.19957348826221,66.25887812095932,-7.059304632697113,1.0253456721095724,-6.884804631957064,19.396859174789853,1.6951666085507355e-05,-2.713788696306082,cov15,213.83825638695762,30.6986907502647,6.802619028795348e-23
pmedian,random,76.7815636830427,66.25887812095932,10.522685562083382,0.8171339666384072,12.877552508767282,21.999886187297385,1.4360723721296154e-10,5.0759547006124235,cov15,213.83825638695762,30.6986907502647,6.802619028795348e-23
current,kmeans,9.365616354951154,5.097759787012066,4.267856567939088,0.10710103278631375,39.848883403900004,18.21524564523255,1.1102230246251565e-16,15.707264784241648,mean_travel,493.79877352443356,30.342249264089734,4.240238540920793e-28
current,mclp,9.365616354951154,5.361629850211108,4.003986504740046,0.1000084575750431,40.03647893215015,15.188924038616898,1.1102230246251565e-16,15.781209456786133,mean_travel,493.79877352443356,30.342249264089734,4.240238540920793e-28
current,pcenter,9.365616354951154,7.960728838532696,1.4048875164184578,0.1331119148654188,10.55418305595598,21.927405453921818,6.530727403308845e-09,4.1601503901871615,mean_travel,493.79877352443356,30.342249264089734,4.240238540920793e-28
current,pmedian,9.365616354951154,5.098425787584214,4.26719056736694,0.1166116881039056,36.59316348773466,20.912482144706807,0.0,14.423955180100187,mean_travel,493.79877352443356,30.342249264089734,4.240238540920793e-28
current,random,9.365616354951154,6.909973067984502,2.4556432869666516,0.10750807571435972,22.84147744855091,18.365940931491842,8.526512829121202e-14,9.003442598659115,mean_travel,493.79877352443356,30.342249264089734,4.240238540920793e-28
kmeans,mclp,5.097759787012066,5.361629850211108,-0.26387006319904227,0.06908728306427085,-3.819372415522086,20.096568101146833,0.01176417655032258,-1.5054849399961456,mean_travel,493.79877352443356,30.342249264089734,4.240238540920793e-28
kmeans,pcenter,5.097759787012066,7.960728838532696,-2.86296905152063,0.11175930821995092,-25.61727606514964,17.596528716648688,3.5083047578154947e-14,-10.09758125787134,mean_travel,493.79877352443356,30.342249264089734,4.240238540920793e-28
kmeans,pmedian,5.097759787012066,5.098425787584214,-0.000666000572147496,0.09148577428817033,-0.007279826588663566,20.66458959200484,0.9999999999966042,-0.0028694948024644063,mean_travel,493.79877352443356,30.342249264089734,4.240238540920793e-28
kmeans,random,5.097759787012066,6.909973067984502,-1.8122132809724363,0.07955719601939219,-22.778747513055972,21.9958101466872,1.1102230246251565e-15,-8.978716292109171,mean_travel,493.79877352443356,30.342249264089734,4.240238540920793e-28
mclp,pcenter,5.361629850211108,7.960728838532696,-2.599098988321588,0.10498191909298539,-24.757586932845967,14.762271122175296,2.5762725286426758e-12,-9.758716936470876,mean_travel,493.79877352443356,30.342249264089734,4.240238540920793e-28
mclp,pmedian,5.361629850211108,5.098425787584214,0.2632040626268948,0.083070495723513,3.1684421807584715,17.300477233867692,0.05236888558341746,1.248907272565193,mean_travel,493.79877352443356,30.342249264089734,4.240238540920793e-28
mclp,random,5.361629850211108,6.909973067984502,-1.548343217773394,0.06971662499800271,-22.209096005690924,19.954159679653866,2.3647750424515834e-14,-8.75417632268936,mean_travel,493.79877352443356,30.342249264089734,4.240238540920793e-28
pcenter,pmedian,7.960728838532696,5.098425787584214,2.8623030509484826,0.12090408410119773,23.674163467899984,20.38060706537986,9.992007221626409e-16,9.3316630824173,mean_travel,493.79877352443356,30.342249264089734,4.240238540920793e-28
pcenter,random,7.960728838532696,6.909973067984502,1.0507557705481938,0.11214944535623633,9.369246251825214,17.742933014561835,3.647432615938584e-07,3.6930829457514744,mean_travel,493.79877352443356,30.342249264089734,4.240238540920793e-28
pmedian,random,5.098425787584214,6.909973067984502,-1.8115472804002888,0.09196195961926594,-19.698876447395445,20.78993660016806,8.593126210598712e-14,-7.76472116358018,mean_travel,493.79877352443356,30.342249264089734,4.240238540920793e-28
current,kmeans,25.968105833333336,20.17655166666667,5.791554166666668,0.35213697856324877,16.446878684245945,20.67974543651032,3.361977363169899e-12,6.482878723333749,p90_rt,94.43200682726686,30.706633061498096,1.0611123666609903e-17
current,mclp,25.968105833333336,20.259378333333334,5.708727500000002,0.4018309535441482,14.206788824128745,18.619642870915555,2.660512921082159e-10,5.5999007935202325,p90_rt,94.43200682726686,30.706633061498096,1.0611123666609903e-17
current,pcenter,25.968105833333336,24.10411666666667,1.8639891666666664,0.32541264453834934,5.728078481126748,21.66216040309143,0.00012715639604521378,2.257841066612386,p90_rt,94.43200682726686,30.706633061498096,1.0611123666609903e-17
current,pmedian,25.968105833333336,20.18440166666667,5.783704166666666,0.3212164779215429,18.005627245808157,21.774039801501942,2.0816681711721685e-13,7.0972918334917425,p90_rt,94.43200682726686,30.706633061498096,1.0611123666609903e-17
current,random,25.968105833333336,21.99405666666667,3.974049166666667,0.35393860016613504,11.22807505256926,20.60435581147053,4.284923416086883e-09,4.425778912810958,p90_rt,94.43200682726686,30.706633061498096,1.0611123666609903e-17
kmeans,mclp,20.17655166666667,20.259378333333334,-0.08282666666666572,0.4390893921889115,-0.18863281176929642,21.199383255553055,0.9999614447502265,-0.07435353938089262,p90_rt,94.43200682726686,30.706633061498096,1.0611123666609903e-17
kmeans,pcenter,20.17655166666667,24.10411666666667,-3.9275650000000013,0.3704386161458743,-10.602471850433037,21.623506819816956,6.9915875311465925e-09,-4.179184421160503,p90_rt,94.43200682726686,30.706633061498096,1.0611123666609903e-17
kmeans,pmedian,20.17655166666667,20.18440166666667,-0.007850000000001245,0.36675796486913465,-0.02140376147741537,21.48524414149201,0.9999999992587152,-0.008436736997042456,p90_rt,94.43200682726686,30.706633061498096,1.0611123666609903e-17
kmeans,random,20.17655166666667,21.99405666666667,-1.8175050000000006,0.3957321212565282,-4.5927659201104545,21.998548495599117,0.0017359304711160872,-1.8103340479586885,p90_rt,94.43200682726686,30.706633061498096,1.0611123666609903e-17
mclp,pcenter,20.259378333333334,24.10411666666667,-3.8447383333333356,0.4179622373930639,-9.198769624054892,19.9780958170134,1.7447839972817292e-07,-3.62588604327438,p90_rt,94.43200682726686,30.706633061498096,1.0611123666609903e-17
mclp,pmedian,20.259378333333334,20.18440166666667,0.07497666666666447,0.41470359095321907,0.18079579801642534,19.73323384019155,0.9999683980428838,0.0712644176886639,p90_rt,94.43200682726686,30.706633061498096,1.0611123666609903e-17
mclp,random,20.259378333333334,21.99405666666667,-1.7346783333333349,0.4405355551470698,-3.937657955336259,21.26046285217672,0.008408527561421852,-1.5521096415009912,p90_rt,94.43200682726686,30.706633061498096,1.0611123666609903e-17
pcenter,pmedian,24.10411666666667,20.18440166666667,3.919715,0.34118080595006745,11.488673839916009,21.98805284830265,1.2969630924786202e-09,4.528499335710118,p90_rt,94.43200682726686,30.706633061498096,1.0611123666609903e-17
pcenter,random,24.10411666666667,21.99405666666667,2.1100600000000007,0.3721516483209226,5.6698929307990165,21.577534558285148,0.0001473583118141164,2.2349060238321266,p90_rt,94.43200682726686,30.706633061498096,1.0611123666609903e-17
pmedian,random,20.18440166666667,21.99405666666667,-1.8096549999999993,0.3684881080996491,-4.911026869585219,21.432623390188493,0.0008721009409600189,-1.9357832093119787,p90_rt,94.43200682726686,30.706633061498096,1.0611123666609903e-17
current,kmeans,72.12148333333333,65.07195,7.049533333333329,2.9224512046198203,2.4121988152238107,13.400416236279694,0.21919409085332486,0.9508182480025567,max_rt,1.9041469824839856,29.667490120485265,0.12354412448360531
current,mclp,72.12148333333333,66.19213333333333,5.9293499999999995,3.4751683661886927,1.7062051029495504,20.466481844499373,0.5431237261211046,0.6725361676164294,max_rt,1.9041469824839856,29.667490120485265,0.12354412448360531
current,pcenter,72.12148333333333,69.51500833333334,2.606474999999989,3.182225918862543,0.8190728962862729,17.33108966798439,0.9599758895121627,0.3228545886509109,max_rt,1.9041469824839856,29.667490120485265,0.12354412448360531
current,pmedian,72.12148333333333,66.96403333333333,5.157449999999997,2.853275456414394,1.8075541877338315,12.28247026195084,0.4952615782106412,0.7124850137161286,max_rt,1.9041469824839856,29.667490120485265,0.12354412448360531
current,random,72.12148333333333,66.64315,5.478333333333325,3.2284962075980124,1.6968684430975935,17.938839799393836,0.5506737114739158,0.6688559292767862,max_rt,1.9041469824839856,29.667490120485265,0.12354412448360531
kmeans,mclp,65.07195,66.19213333333333,-1.1201833333333298,2.287998328459913,-0.4895909753952235,15.107110499813455,0.995838100055547,-0.19298244843054435,max_rt,1.9041469824839856,29.667490120485265,0.12354412448360531
kmeans,pcenter,65.07195,69.51500833333334,-4.44305833333334,1.8123749546816532,-2.451511659800977,17.841332265372326,0.19121419385782668,-0.9663142219533535,max_rt,1.9041469824839856,29.667490120485265,0.12354412448360531
kmeans,pmedian,65.07195,66.96403333333333,-1.892083333333332,1.1398780670990813,-1.6598997629181218,20.09948086966078,0.5713932725118311,-0.6542839563957058,max_rt,1.9041469824839856,29.667490120485265,0.12354412448360531
kmeans,random,65.07195,66.64315,-1.5712000000000046,1.8924399436049528,-0.8302509177686185,17.237452916140647,0.9576526436522622,-0.327260637909741,max_rt,1.9041469824839856,29.667490120485265,0.12354412448360531
mclp,pcenter,66.19213333333333,69.51500833333334,-3.3228750000000105,2.611661751898984,-1.2723221135293998,20.33735361152983,0.7961082172949144,-0.5015121785343738,max_rt,1.9041469824839856,29.667490120485265,0.12354412448360531
mclp,pmedian,66.19213333333333,66.96403333333333,-0.7719000000000023,2.1989534187490842,-0.3510306282154499,13.233385434566136,0.9991197339422685,-0.13836601063253698,max_rt,1.9041469824839856,29.667490120485265,0.12354412448360531
mclp,random,66.19213333333333,66.64315,-0.45101666666667484,2.667846148136407,-0.16905647538248308,20.873288879067257,0.9999775469501527,-0.0666371199265102,max_rt,1.9041469824839856,29.667490120485265,0.12354412448360531
pcenter,pmedian,69.51500833333334,66.96403333333333,2.550975000000008,1.6985766874504824,1.5018309263557317,14.93013847011471,0.6684110661834938,0.5919778424487432,max_rt,1.9041469824839856,29.667490120485265,0.12354412448360531
pcenter,random,69.51500833333334,66.64315,2.8718583333333356,2.27314093171722,1.2633877175243249,21.927738542009727,0.8009482825497519,0.4979905008422666,max_rt,1.9041469824839856,29.667490120485265,0.12354412448360531
pmedian,random,66.96403333333333,66.64315,0.3208833333333274,1.783756913636061,0.17989185122721105,14.527315918779431,0.9999673587577496,0.07090810829286102,max_rt,1.9041469824839856,29.667490120485265,0.12354412448360531
current,kmeans,62.45339438201241,58.37793500006426,4.07545938194815,0.40571819952620486,10.045049462181991,21.592353884580817,1.882103439765359e-08,3.959464812955202,mean_total,24.74239322867308,30.668261092892543,6.431159004871723e-10
current,mclp,62.45339438201241,59.114677962631795,3.338716419380617,0.5301138905805671,6.298111554338146,19.7948148288868,5.16180454204207e-05,2.4825314381330585,mean_total,24.74239322867308,30.668261092892543,6.431159004871723e-10
current,pcenter,62.45339438201241,61.00858174297296,1.444812639039455,0.4337789705490435,3.3307576833674624,21.999451388787023,0.0315146524090032,1.3128872981088155,mean_total,24.74239322867308,30.668261092892543,6.431159004871723e-10
current,pmedian,62.45339438201241,58.50739132153157,3.946003060480841,0.48940487735243854,8.062860104353186,20.999062590679042,9.91150671647567e-07,3.1781437209600276,mean_total,24.74239322867308,30.668261092892543,6.431159004871723e-10
current,random,62.45339438201241,60.672518096329945,1.7808762856824671,0.4865118692453386,3.6604991537922897,21.079229118113627,0.01583975825589501,1.442861745166995,mean_total,24.74239322867308,30.668261092892543,6.431159004871723e-10
kmeans,mclp,58.37793500006426,59.114677962631795,-0.7367429625675328,0.5083339878919686,-1.4493285519285517,18.288225981656254,0.69827739942974,-0.5712829414506427,mean_total,24.74239322867308,30.668261092892543,6.431159004871723e-10
kmeans,pcenter,58.37793500006426,61.00858174297296,-2.630646742908695,0.40687455259609756,-6.4654983363388805,21.5633713575739,2.444595304285091e-05,-2.548510413744992,mean_total,24.74239322867308,30.668261092892543,6.431159004871723e-10
kmeans,pmedian,58.37793500006426,58.50739132153157,-0.129456321467309,0.4657250693660821,-0.2779672600479022,19.655531073409048,0.9997365856076647,-0.10956656703951616,mean_total,24.74239322867308,30.668261092892543,6.431159004871723e-10
kmeans,random,58.37793500006426,60.672518096329945,-2.294583096265683,0.4626840230397847,-4.959287509411967,19.75949365324235,0.0009562188721445875,-1.954806142545338,mean_total,24.74239322867308,30.668261092892543,6.431159004871723e-10
mclp,pcenter,59.114677962631795,61.00858174297296,-1.8939037803411622,0.5309994172406922,-3.56667770029339,19.847448656200335,0.020667563692916224,-1.4058800712362083,mean_total,24.74239322867308,30.668261092892543,6.431159004871723e-10
mclp,pmedian,59.114677962631795,58.50739132153157,0.6072866411002238,0.5773329366974675,1.0518828954642727,21.664102353359063,0.8947187030769249,0.4146214837089985,mean_total,24.74239322867308,30.668261092892543,6.431159004871723e-10
mclp,random,59.114677962631795,60.672518096329945,-1.55784013369815,0.5748825834341827,-2.709840545859056,21.611225074947892,0.11385318354465124,-1.0681399161291556,mean_total,24.74239322867308,30.668261092892543,6.431159004871723e-10
pcenter,pmedian,61.00858174297296,58.50739132153157,2.501190421441386,0.4903639241419016,5.100681959461584,21.040357084854545,0.000589578161691362,2.010539700834536,mean_total,24.74239322867308,30.668261092892543,6.431159004871723e-10
pcenter,random,61.00858174297296,60.672518096329945,0.33606364664301225,0.48747660768500745,0.6893944065110225,21.11920287294057,0.9812037723492036,0.2717391193647282,mean_total,24.74239322867308,30.668261092892543,6.431159004871723e-10
pmedian,random,58.50739132153157,60.672518096329945,-2.165126774798374,0.5375745359723153,-4.027584325366699,21.99790032867358,0.006531758077707228,-1.5875559874082827,mean_total,24.74239322867308,30.668261092892543,6.431159004871723e-10
