configuration,replicate,mean_rt,p90_rt,max_rt,cov8,cov15,mean_travel,mean_setup,mean_queue,pct_queued,mean_total,n_calls
current,1,15.359241787941787,24.8574,73.9388,12.266112266112266,57.17255717255717,8.774855093555093,6.584386694386695,0.0,0.0,62.6793051975052,481
current,2,15.989228425357872,25.09096,49.8839,9.815950920245399,52.3517382413088,9.628383640081799,6.360844785276074,0.0,0.0,63.65374028629857,489
current,3,16.839272160356348,26.62414,79.8742,7.795100222717149,50.779510022271715,9.500761247216037,7.338510913140311,0.0,0.0,62.53354855233853,449
current,4,15.860498601398602,25.6357,79.1931,13.51981351981352,52.44755244755245,9.21444895104895,6.64604965034965,0.0,0.0,61.0304289044289,429
current,5,16.234864466019417,25.923000000000005,79.4169,11.067961165048544,51.262135922330096,9.775742912621359,6.427459611650486,0.031661941747572815,0.1941747572815534,62.996263106796114,515
current,6,16.7995325,25.852999999999998,69.2404,10.5,48.75,9.537833749999999,7.261698750000001,0.0,0.0,61.27321825,400
current,7,15.74608733624454,25.197080000000003,77.0301,13.318777292576419,52.838427947598255,9.02685807860262,6.7192292576419215,0.0,0.0,61.74880371179039,458
current,8,16.461809832635982,26.319740000000003,77.4542,13.389121338912133,50.627615062761514,9.25919581589958,7.202614016736401,0.0,0.0,62.13368744769875,478
current,9,15.938526211453745,25.64117,72.5525,10.352422907488986,52.20264317180616,9.365131938325991,6.573394273127753,0.0,0.0,61.07165242290749,454
current,10,16.38233676767677,26.59064,70.4666,11.91919191919192,53.939393939393945,8.989473737373737,7.3928630303030305,0.0,0.0,62.979989696969696,495
current,11,16.730158876404495,27.41476,56.8096,11.46067415730337,46.741573033707866,9.717929662921348,7.012229213483146,0.0,0.0,62.833234157303366,445
current,12,16.435837807606262,26.469680000000004,79.5975,10.738255033557047,48.769574944071586,9.596781431767338,6.8390563758389264,0.0,0.0,64.50686085011186,447
kmeans,1,12.361424242424244,21.4807,66.0791,31.23543123543124,75.990675990676,5.325250116550116,7.036174125874126,0.0,0.0,60.41270582750583,429
kmeans,2,11.991930853391684,19.611620000000002,58.3307,29.540481400437635,78.99343544857767,5.13250590809628,6.859424945295405,0.0,0.0,58.66906717724289,457
kmeans,3,11.87042065934066,20.399400000000004,64.7392,32.08791208791209,78.02197802197803,5.090855824175824,6.779564835164836,0.0,0.0,58.370843956043956,455
kmeans,4,11.4515609561753,18.60180000000001,64.3025,33.46613545816733,81.47410358565737,4.841426892430278,6.610134063745019,0.0,0.0,58.68682689243028,502
kmeans,5,11.91401388286334,19.2437,68.7831,29.934924078091107,80.6941431670282,4.915146420824295,6.998867462039045,0.0,0.0,57.36735162689805,461
kmeans,6,11.987516170212766,19.918760000000002,61.132,29.361702127659573,75.53191489361703,4.8683038297872345,7.119212340425532,0.0,0.0,57.23046829787234,470
kmeans,7,12.159686228813559,20.878080000000004,62.8462,28.177966101694917,78.38983050847457,5.177570338983051,6.982115889830508,0.0,0.0,58.39156949152542,472
kmeans,8,11.69450720164609,19.08785,64.3838,30.45267489711934,79.62962962962963,5.134373456790123,6.560133744855967,0.0,0.0,57.962810493827156,486
kmeans,9,11.99171431670282,20.5016,65.6717,32.32104121475054,76.35574837310195,4.981112364425163,7.010601952277657,0.0,0.0,59.23669132321041,461
kmeans,10,12.820618640350876,21.81265,67.5895,26.75438596491228,75.21929824561403,5.525979385964912,7.294639254385965,0.0,0.0,57.41386666666667,456
kmeans,11,11.967272270742358,19.917340000000003,68.4834,34.27947598253275,76.2008733624454,5.05522423580786,6.9120480349344975,0.0,0.0,59.05710349344978,458
kmeans,12,12.38535737704918,20.665119999999998,68.5222,31.693989071038253,76.86703096539162,5.125368670309654,7.259988706739526,0.0,0.0,57.73591475409836,549
mclp,1,12.217096739130435,19.575930000000007,66.7263,26.956521739130434,78.47826086956522,5.322625652173913,6.894471086956522,0.0,0.0,59.93419413043478,460
mclp,2,12.864484274193549,20.91075,66.163,26.411290322580644,75.0,5.449333266129032,7.39730504032258,0.017845967741935483,0.20161290322580644,58.41969899193548,496
mclp,3,12.738069609856263,20.80832,77.0198,23.613963039014372,74.53798767967146,5.606771047227926,7.131298562628337,0.0,0.0,62.371911909650926,487
mclp,4,11.839563900414937,19.063400000000012,65.9086,33.81742738589212,78.42323651452283,5.2450045643153524,6.594559336099585,0.0,0.0,59.12040622406639,482
mclp,5,12.058685856573705,19.623150000000003,48.346,24.10358565737052,74.7011952191235,5.601911952191235,6.4567739043824695,0.0,0.0,59.17459641434263,502
mclp,6,12.10209686800895,18.746680000000005,60.0523,25.05592841163311,81.4317673378076,5.295142281879195,6.806954586129754,0.0,0.0,58.40321744966443,447
mclp,7,12.746017633928572,22.346250000000005,66.2228,28.125,77.23214285714286,5.244625223214285,7.501392410714286,0.0,0.0,58.06852566964285,448
mclp,8,11.86648800856531,19.531540000000003,65.2162,26.76659528907923,80.08565310492506,5.4239406852248395,6.442547323340471,0.0,0.0,56.84783790149893,467
mclp,9,13.124699999999999,21.874360000000006,73.2132,26.436781609195403,73.10344827586206,5.374878850574712,7.749821149425287,0.0,0.0,61.10297609195403,435
mclp,10,12.623643037974682,21.12389,67.1011,26.160337552742618,76.16033755274262,5.136406540084388,7.487236497890295,0.0,0.0,58.01327215189874,474
mclp,11,11.7425797188755,19.002260000000003,64.9072,31.12449799196787,78.5140562248996,5.341549196787149,6.401030522088353,0.0,0.0,58.24682791164659,498
mclp,12,12.502210352422907,20.506009999999996,73.4291,29.955947136563875,75.99118942731278,5.297368942731278,7.20484140969163,0.0,0.0,59.67267070484582,454
pcenter,1,15.313038216560509,24.2548,70.4576,15.92356687898089,57.324840764331206,8.361823779193205,6.9512144373673035,0.0,0.0,61.25722399150743,471
pcenter,2,15.147827293577981,24.8247,63.0687,15.36697247706422,58.48623853211009,7.873020871559633,7.274806422018348,0.0,0.0,60.13263876146789,436
pcenter,3,15.284049482401656,24.29952,76.5765,16.149068322981368,58.17805383022774,7.722260248447205,7.5617892339544515,0.0,0.0,60.25788757763976,483
pcenter,4,14.655450423728812,23.502300000000005,75.4857,17.796610169491526,63.347457627118644,7.576635381355932,7.078815042372881,0.0,0.0,61.62003834745763,472
pcenter,5,14.537807371007371,23.770660000000003,63.3755,17.444717444717444,63.882063882063875,7.714738820638821,6.82306855036855,0.0,0.0,63.05096314496314,407
pcenter,6,14.671069662921349,23.7334,68.6034,16.853932584269664,59.55056179775281,7.9147582022471905,6.756311460674157,0.0,0.0,59.69466584269663,445
pcenter,7,15.047822270742358,23.319570000000002,62.6066,16.812227074235807,56.55021834061136,8.077784716157206,6.9700375545851525,0.0,0.0,60.17679956331878,458
pcenter,8,15.363378138528137,23.66064,75.4068,15.367965367965366,54.32900432900433,8.201776623376624,7.161601515151515,0.0,0.0,62.72905043290043,462
pcenter,9,15.071443829787233,23.99894,75.4068,15.957446808510639,59.57446808510638,8.042602127659574,7.02884170212766,0.0,0.0,60.038678936170214,470
pcenter,10,14.671109623430961,22.86886,63.8455,16.10878661087866,61.29707112970711,8.181186192468619,6.489923430962343,0.0,0.0,61.055646861924686,478
pcenter,11,15.942918348623854,25.94385,71.351,17.431192660550458,56.19266055045872,8.510850688073395,7.432067660550459,0.0,0.0,61.375773623853206,436
pcenter,12,14.493960000000001,25.072160000000004,67.996,20.5607476635514,61.6822429906542,7.351308411214953,7.142651588785047,0.0,0.0,60.7136138317757,535
pmedian,1,12.11719398340249,20.918510000000015,68.683,30.49792531120332,78.00829875518673,5.130688796680499,6.986505186721992,0.0,0.0,57.90576410788382,482
pmedian,2,12.261148878923766,20.36155,70.2385,31.614349775784756,78.9237668161435,4.727281838565022,7.533867040358744,0.0,0.0,56.14652085201794,446
pmedian,3,12.037803861788618,19.48044,66.1272,32.31707317073171,77.64227642276423,5.1693091463414635,6.868494715447154,0.0,0.0,60.73234979674797,492
pmedian,4,11.914015551181103,19.068770000000004,65.9117,31.10236220472441,79.52755905511812,5.099301377952756,6.814714173228347,0.0,0.0,58.69975511811024,508
pmedian,5,12.706337362637363,21.420040000000004,68.1615,26.593406593406595,72.3076923076923,5.64916967032967,7.057167692307693,0.0,0.0,60.06178087912088,455
pmedian,6,12.141037694013304,19.0098,68.3967,32.15077605321508,78.27050997782705,4.809526164079823,7.331511529933481,0.0,0.0,57.505002882483375,451
pmedian,7,12.363527155172413,20.906569999999995,63.3557,33.4051724137931,75.21551724137932,4.861431681034483,7.50209547413793,0.0,0.0,59.70265387931035,464
pmedian,8,12.37060063559322,19.99388,67.0285,29.23728813559322,76.90677966101694,5.103106355932204,7.267494279661016,0.0,0.0,59.06473093220339,472
pmedian,9,12.400184086021506,20.978880000000004,68.3595,30.752688172043012,75.6989247311828,5.2424303225806455,7.15775376344086,0.0,0.0,59.13056172043011,465
pmedian,10,12.166335920177383,19.4308,66.8239,29.933481152993345,75.60975609756098,4.907247893569845,7.259088026607539,0.0,0.0,57.28179844789357,451
pmedian,11,12.47663043478261,20.81774,62.1197,29.97711670480549,75.51487414187643,5.3048638443935925,7.171766590389016,0.0,0.0,57.37373409610984,437
pmedian,12,11.662108314606742,19.825840000000003,68.3625,33.258426966292134,77.75280898876404,5.176752359550561,6.48535595505618,0.0,0.0,58.484043146067414,445
random,1,13.935999785867237,20.458400000000008,70.4828,18.629550321199144,65.95289079229121,6.991980085653105,6.944019700214133,0.0,0.0,59.38139014989293,467
random,2,13.83553991507431,21.9947,72.6956,20.169851380042463,66.02972399150742,7.172912314225052,6.662627600849257,0.0,0.0,60.55553736730361,471
random,3,14.37024200819672,23.2888,53.8342,18.442622950819672,63.114754098360656,7.007135245901639,7.363106762295082,0.0,0.0,61.8745381147541,488
random,4,13.687086199575372,21.2236,62.6681,20.8067940552017,67.51592356687898,6.77673949044586,6.910346709129511,0.0,0.0,59.95399299363057,471
random,5,13.8784754,21.582420000000003,69.0674,17.0,63.4,7.1904064,6.6880690000000005,0.0,0.0,62.9650908,500
random,6,14.021492410714286,22.6519,63.7698,18.526785714285715,66.74107142857143,7.099874776785714,6.921617633928571,0.0,0.0,61.07538125,448
random,7,13.818136175115207,22.817779999999996,69.9189,22.119815668202765,66.12903225806451,6.897064516129032,6.921071658986175,0.0,0.0,62.35402073732719,434
random,8,14.592050652173912,23.444940000000006,73.4772,19.565217391304348,64.13043478260869,6.945508913043478,7.646541739130435,0.0,0.0,60.943053695652175,460
random,9,13.578058295964127,20.505000000000003,71.3156,19.730941704035875,68.16143497757847,6.884780044843049,6.693278251121076,0.0,0.0,58.963060986547084,446
random,10,13.585252060737528,21.635,66.786,20.17353579175705,69.84815618221259,6.632246420824295,6.953005639913232,0.0,0.0,59.11642906724512,461
random,11,13.578531612903227,22.127840000000006,60.9556,20.0,67.95698924731182,6.692820860215054,6.885710752688173,0.0,0.0,59.58424451612903,465
random,12,13.699884504504505,22.198300000000003,64.7466,23.423423423423422,66.12612612612612,6.628207747747748,7.071676756756757,0.0,0.0,61.30347747747748,555
