mean_travel,max_travel,cov_5,cov_8,draw,S
3.6480742469537244,14.368333333333334,0.735039597209839,0.9730948759637069,0,7|11|22|41|43|44|45|56
3.260390028146361,12.491666666666667,0.878586038705617,0.9911365185923323,1,3|11|12|26|37|46|56|64
3.593782888411041,12.193333333333333,0.7398646876802853,0.9792311323228615,2,5|7|11|16|29|32|43|59
3.5914241883883147,15.841666666666667,0.7852834740651388,0.9788115592384748,3,12|16|19|27|41|43|51|64
2.9616495340990543,12.508333333333333,0.8845649551581266,0.9920281113966539,4,7|22|31|48|57|59|63|65
3.291176378035349,12.508333333333333,0.8346882047516652,0.9794933655006032,5,0|3|13|22|23|31|41|65
3.553835509868708,15.203333333333335,0.7699166098494782,0.9785493260607332,6,9|10|30|39|59|60|63|65
3.6791031625321233,15.563333333333333,0.7720669219069597,0.9699480778308072,7,4|11|17|22|40|43|44|63
3.4726524011817976,13.948333333333332,0.8412440341952063,0.9826926102690512,8,4|12|17|28|29|34|61|63
3.0833304487683786,14.315,0.8969948077830807,0.9847380290554361,9,5|10|14|24|29|40|48|62
4.148432020419223,15.203333333333335,0.703047149525358,0.9048093564797818,10,10|14|16|20|32|52|62|63
3.6465747976433978,15.203333333333335,0.7877484659359102,0.9655425604447475,11,10|11|18|32|36|46|56|63
3.74116929773955,12.713333333333333,0.7668747049876751,0.972465516337127,12,7|8|12|15|16|40|43|60
3.2102480725861438,14.264999999999999,0.8358420307337284,0.9840562227933078,13,8|18|22|39|41|46|59|64
3.7910504186989744,13.948333333333332,0.7226621912204332,0.9798604919494415,14,4|18|20|22|24|30|45|59
3.1717178021363264,13.228333333333333,0.915351130224996,0.995699375885037,15,7|23|32|34|50|55|59|66
3.0427597419625534,17.091666666666665,0.8777468925368438,0.9838464362511145,16,20|31|41|48|49|51|53|65
3.4733944336637474,16.143333333333334,0.8101956259505952,0.9857345151308543,17,12|14|22|27|35|48|49|53
4.494522211150154,15.203333333333335,0.6030314155346934,0.9205433471442807,18,9|10|11|13|20|49|52|58
3.3942700302442264,12.508333333333333,0.8154927361409765,0.9884617401793675,19,2|12|31|33|44|47|58|64
4.027511232321113,15.203333333333335,0.7293229139350711,0.8864005874023182,20,9|10|15|22|27|34|43|56
3.135738361217461,15.203333333333335,0.8526249541091939,0.981381444380343,21,9|10|15|30|32|51|62|64
3.3844908305798853,14.264999999999999,0.8272407825038024,0.9729899826926103,22,8|13|14|20|34|37|41|64
3.5831312389643535,15.129999999999999,0.7613153616195522,0.9694236114753239,23,5|6|20|32|46|51|61|62
3.572139910141431,14.264999999999999,0.7746368070488279,0.9826926102690512,24,8|11|20|24|35|37|46|48
3.0687237111239316,15.841666666666667,0.8857187811401899,0.9855771752242094,25,14|16|30|32|45|48|51|60
3.284608573276691,16.143333333333334,0.8543556930822888,0.9867310012062727,26,14|26|29|44|48|49|59|62
3.4231463610776034,15.203333333333335,0.8342686316672785,0.9829023968112446,27,9|10|19|37|45|48|56|60
3.5084869145644304,16.353333333333335,0.8105103057638853,0.976608800545445,28,13|15|44|45|51|53|59|62
3.3511767276795865,15.841666666666667,0.8355797975559868,0.981224104473698,29,11|16|20|30|37|39|61|64
3.4240924983828953,13.618333333333334,0.8597052499082184,0.9850002622331777,30,6|11|12|20|34|48|59|60
3.796076554605689,14.264999999999999,0.7445324382440867,0.9696858446530655,31,8|9|15|17|24|33|52|60
3.9197765773325646,13.618333333333334,0.7013688571878114,0.9285676823831751,32,6|11|22|24|28|37|41|44
3.4572321288089367,14.264999999999999,0.8220485655845178,0.987098127655111,33,8|15|29|30|31|49|61|64
3.7991148756140625,17.091666666666665,0.776734672470761,0.9546861068862432,34,15|20|21|39|50|60|64|65
4.244858831139315,13.525,0.6511249803325116,0.9063827555462317,35,3|4|37|44|48|64|65|66
4.079769497036765,16.353333333333335,0.6873131588608591,0.9279383227565952,36,13|23|41|43|44|51|52|54
4.830463453436129,17.455,0.5775423506582053,0.8479047569098442,37,7|8|9|14|18|62|63|66
4.291606003391549,13.723333333333333,0.6247443226517019,0.9540567472596633,38,3|4|21|39|41|44|57|61
3.753253701858359,10.525,0.7546546389049142,0.9905596056013006,39,0|14|16|25|49|52|59|63
4.373137008094264,15.625,0.6679603503435254,0.8977815073163057,40,6|11|14|16|18|46|59|63
3.295796926627157,15.203333333333335,0.8452824251324278,0.9870456810195626,41,10|12|22|29|31|52|59|62
3.4862101187042183,14.264999999999999,0.8166465621230398,0.9819583573713746,42,8|9|12|13|21|37|45|66
3.6439310501564663,15.129999999999999,0.7496722085278229,0.9711019038128704,43,2|12|17|20|32|45|51|60
3.454309889687243,16.99,0.7986573661299627,0.9656474537158442,44,17|20|36|44|48|55|57|64
3.677911749794584,16.226666666666667,0.7420149997377669,0.962762888760686,45,11|20|22|45|51|59|62|66
4.003914179822031,15.256666666666666,0.7252320763623014,0.9507001625845702,46,8|11|16|17|27|28|45|65
4.218527735529099,16.54,0.6768238317511932,0.9351235118267163,47,3|13|14|20|26|54|56|60
3.024054474572123,15.203333333333335,0.8934808832013427,0.9891959930770441,48,10|13|14|32|35|48|49|64
3.671646212478803,16.246666666666666,0.7694970367650915,0.9695809513819689,49,12|13|44|45|51|57|58|60
4.354296865439416,14.315,0.6744637331515183,0.888760686001993,50,5|34|35|51|54|57|64|65
4.042208877467177,14.264999999999999,0.6832747679236377,0.9707347773640321,51,8|37|45|46|51|52|53|58
4.234333578084299,12.698333333333332,0.6401111868673625,0.9479204909005088,52,7|11|14|19|27|52|56|59
3.8952795405674725,14.131666666666666,0.7055645880316778,0.9451408192164472,53,7|12|18|20|23|41|52|58
3.3320955053233337,13.055,0.865369486547438,0.9959091624272303,54,2|12|16|35|49|51|54|64
3.3924001328648106,15.841666666666667,0.8769601930036188,0.9862589814863376,55,11|12|16|27|31|39|55|63
3.8493089281655912,15.841666666666667,0.7087638328001259,0.976294120732155,56,11|13|16|21|24|31|58|61
3.4248053355710564,13.618333333333334,0.8066817013688572,0.9877274872816909,57,6|9|35|37|44|48|50|64
3.56698676596563,12.508333333333333,0.81444380343001,0.9730948759637069,58,2|7|28|30|31|41|56|63
4.23560610828482,14.486666666666668,0.6394818272407825,0.9355955315466513,59,3|10|39|43|44|49|51|54
5.329985751997342,15.203333333333335,0.5120365028583417,0.7574343105889757,60,9|10|19|20|22|32|49|50
3.7065046065628224,15.543333333333333,0.7210887921539834,0.9571510987570148,61,7|10|15|17|55|59|60|65
4.480886785196063,15.533333333333333,0.5971573923532806,0.8815754969318719,62,1|12|13|14|17|18|32|51
3.643975629796682,15.203333333333335,0.7518749672208528,0.9814863376514397,63,10|11|14|43|45|49|52|64
4.417438681141938,15.203333333333335,0.6609849478155976,0.8442334924214612,64,10|11|17|30|32|38|50|53
3.5236501110120457,13.055,0.8255624901662558,0.9866785545707243,65,1|3|7|17|35|38|44|62
3.4009503330361355,15.203333333333335,0.8112970052971102,0.9725179629726753,66,10|17|20|43|44|47|55|63
3.9506364399223792,14.423333333333334,0.6849006136256359,0.980909424660408,67,3|11|14|33|50|51|57|59
4.963013408856488,14.264999999999999,0.585304452719358,0.7782031782661142,68,8|12|13|20|24|32|34|37
4.140386531703991,15.203333333333335,0.6446740441600671,0.9559972727749515,69,10|13|14|15|22|28|45|52
3.3221968147410013,14.315,0.8429747731683013,0.9888813132637542,70,5|11|15|22|29|48|49|54
3.3807106519116794,12.508333333333333,0.8263491896994808,0.9903498190591074,71,7|11|20|31|52|64|65|66
5.474914949039353,23.42,0.5916504956207059,0.6810720092306078,72,30|35|38|44|48|56|61|65
3.6819762766385202,13.618333333333334,0.7543924057271726,0.9758221010122201,73,1|6|9|10|15|43|46|65
3.411202513942064,15.841666666666667,0.8406671212041747,0.9806471914826664,74,16|24|32|34|48|61|65|66
3.5707660705232422,13.525,0.8055278753867939,0.981696124193633,75,3|11|17|18|20|37|43|65
3.8989945979965386,13.948333333333332,0.7230293176692715,0.9648083075470708,76,4|15|17|20|23|24|35|45
3.2992392615513717,16.226666666666667,0.883988042167095,0.9838464362511145,77,11|21|22|30|36|46|54|65
3.367775825597455,13.525,0.8313316200765721,0.9931819373787172,78,3|11|13|37|41|54|55|65
3.4248146885543957,13.618333333333334,0.828289715214769,0.982010804006923,79,6|11|16|27|44|50|55|64
3.5324338735336798,14.264999999999999,0.8186919809094246,0.981224104473698,80,8|10|13|18|21|34|46|63
3.391701281446129,11.618333333333334,0.8378350028845649,0.9858918550374993,81,3|10|16|28|29|37|59|63
3.006132672505726,14.368333333333334,0.8621702417789899,0.9899302459747207,82,3|16|24|41|48|56|64|66
3.272717522420937,12.508333333333333,0.8474327371899093,0.9925525777521372,83,2|16|22|24|31|45|52|65
4.418090767643922,14.131666666666666,0.6384853411653643,0.9000367126448838,84,6|8|9|12|18|45|52|57
3.4796423139455603,15.203333333333335,0.7583259033932973,0.9757696543766717,85,10|13|19|30|32|34|43|59
3.560611352948375,15.931666666666667,0.757958776944459,0.9707347773640321,86,6|16|17|24|44|49|62|65
3.845508033076345,12.629999999999999,0.7673991713431584,0.9231656789216972,87,3|11|19|20|30|43|52|56
3.6106666841488786,15.401666666666667,0.7719095820003147,0.972465516337127,88,9|12|13|16|22|43|55|66
3.7180599989510674,16.226666666666667,0.8045313893113757,0.9790737924162165,89,11|18|19|26|34|48|59|60
4.53276236429433,15.866666666666667,0.6134158493732627,0.8875019667488331,90,6|11|12|13|14|22|56|61
3.9218736560549643,15.585,0.7247600566423664,0.9345990454712331,91,2|13|19|47|57|62|65|66
4.6146555130155065,19.078333333333333,0.5889232705721928,0.9312949074316883,92,19|38|45|49|52|58|60|62
3.6355450953654653,15.203333333333335,0.739340221324802,0.9832695232600829,93,9|10|24|35|50|51|52|61
3.5884990647016655,15.533333333333333,0.763832800125872,0.9574657785703047,94,1|11|14|24|32|44|61|64
3.0829863988391812,16.226666666666667,0.8683589447736928,0.9835317564378245,95,11|20|24|31|39|41|48|63
3.887582559745459,14.721666666666666,0.7439030786175067,0.9609272565164945,96,0|17|20|26|46|48|61|63
3.617352668659639,13.948333333333332,0.8132375308123984,0.9652278806314575,97,4|10|11|17|34|37|62|66
3.545502963234908,13.055,0.7873288928515235,0.9858394084019511,98,7|8|35|43|51|63|64|66
3.5138605094316535,17.048333333333332,0.7821366759322389,0.9748780615723501,99,22|24|39|41|43|48|59|66
4.412203195748326,14.9,0.5903393297319977,0.9595636439922379,100,6|12|13|15|16|27|36|59
3.396629954021783,12.611666666666668,0.8468558241988776,0.9927099176587821,101,3|11|17|25|30|54|59|64
3.8773114106396736,16.226666666666667,0.7200923060785651,0.9611894896942361,102,11|13|20|23|36|45|64|66
3.661780563276866,15.841666666666667,0.766560025174385,0.9824303770913096,103,13|16|28|30|37|46|48|58
3.5335005506896735,14.264999999999999,0.7669795982587717,0.9836366497089212,104,8|11|17|31|37|43|55|59
3.76765790807853,15.841666666666667,0.7562280379713642,0.9730424293281587,105,12|16|27|34|45|50|51|56
3.5139803499938806,14.368333333333334,0.7574343105889757,0.9858918550374993,106,1|7|10|39|41|45|51|65
4.296372878096536,14.264999999999999,0.655478051083023,0.8711910630933025,107,8|13|18|20|22|25|29|55
3.876854250799811,15.521666666666667,0.6757224524046782,0.9560497194104998,108,7|9|11|22|36|46|51|52
3.727432999423087,15.401666666666667,0.7298473802905544,0.9814863376514397,109,9|14|28|30|44|45|50|61
3.57801673047674,15.401666666666667,0.8428698798972046,0.9673257460533907,110,9|15|28|32|34|50|58|62
3.6792422335273858,12.396666666666667,0.7840772014475271,0.9650705407248125,111,0|10|16|29|35|60|63|65
4.3723286306183455,15.18,0.6396391671474275,0.8999318193737872,112,3|8|13|16|17|45|52|55
4.022415692033356,16.246666666666666,0.7337808779566791,0.9429905071589657,113,12|13|17|18|23|49|63|64
3.6845045541161867,15.841666666666667,0.7559658047936225,0.9811192112026014,114,12|13|16|31|39|55|56|61
3.539813464799566,12.193333333333333,0.8165941154874915,0.9899302459747207,115,7|15|17|38|43|50|52|60
3.5650930927780986,13.525,0.8277128022237373,0.991241411863429,116,3|6|7|11|14|37|56|60
3.552248387265957,12.193333333333333,0.7522945403052395,0.9644936277337809,117,7|14|20|29|32|37|39|46
3.632017709480604,12.508333333333333,0.7212985786961766,0.9683746787643572,118,0|10|12|22|31|32|39|46
4.129392842782469,14.423333333333334,0.6743588398804217,0.9240572717260188,119,3|8|10|14|17|51|53|58
3.5444417929756478,15.401666666666667,0.8104054124927886,0.971836156710547,120,1|9|16|20|46|50|53|62
3.4304882781769552,15.841666666666667,0.8184821943672314,0.9794409188650548,121,16|20|22|35|39|51|64|65
3.5082112200835653,13.618333333333334,0.8368385168091467,0.9886190800860125,122,6|9|27|34|49|57|61|65
3.2942251009597734,12.508333333333333,0.8258771699795459,0.9908218387790423,123,3|11|24|31|39|50|51|64
3.4726623660425515,13.618333333333334,0.8331672523207636,0.9873079141973042,124,6|10|12|37|53|54|59|60
4.649432702225486,14.315,0.5877169979545812,0.8336917186762469,125,5|10|13|17|29|30|53|56
3.761879774829111,15.521666666666667,0.7526616667540778,0.9685844653065506,126,4|5|8|44|45|51|55|63
4.4741972168318735,14.368333333333334,0.6220695442387371,0.8554046257932554,127,6|9|16|24|32|41|42|49
4.721155224559011,14.315,0.6374364084543976,0.7971364136990612,128,5|10|11|20|28|31|37|39
3.7509108232373563,16.353333333333335,0.7679236376986416,0.9516442020244401,129,13|15|22|24|32|35|60|64
3.58218186744987,13.055,0.7410185136623486,0.9838988828866628,130,0|9|13|20|32|35|51|61
5.689534710931627,14.991666666666667,0.5356899354906383,0.72119368542508,131,7|14|17|18|20|21|28|35
4.280852170416601,15.521666666666667,0.6052866208632717,0.9643362878271359,132,0|1|11|12|45|50|51|58
3.414152899424835,16.143333333333334,0.8210520795090995,0.9829023968112446,133,11|14|30|37|43|45|46|65
4.29171509239349,15.863333333333333,0.6863166727854408,0.9039177636754602,134,2|3|11|16|22|45|46|66
3.387362021642978,15.203333333333335,0.85965280327267,0.9870456810195626,135,10|12|14|29|31|54|61|62
3.4632422510095977,14.423333333333334,0.7797765773325641,0.9702627576440971,136,8|11|14|32|43|61|62|66
3.376550847013164,15.203333333333335,0.8294959878323805,0.9842660093355011,137,9|10|14|37|46|51|55|63
3.1994552542787713,16.143333333333334,0.8668379923427912,0.9862065348507894,138,11|14|30|39|48|56|59|65
3.3765327529238998,16.246666666666666,0.8455446583101695,0.9873079141973042,139,12|17|31|49|53|58|63|66
3.1860469222566037,13.33,0.8283421618503173,0.9855771752242094,140,7|13|14|27|41|45|51|64
3.3947599692313073,15.129999999999999,0.7798814706036608,0.9780248597052499,141,5|7|16|20|44|50|61|64
3.5516929773955,16.143333333333334,0.7972937536057062,0.9770283736298316,142,11|13|14|22|39|45|61|62
3.715017744445027,12.188333333333333,0.7697068233072848,0.9848953689620811,143,0|18|25|36|51|57|61|62
4.113213492771105,12.629999999999999,0.6762469187601615,0.9057533959196518,144,3|30|41|51|56|58|62|66
3.5899901225503053,15.061666666666667,0.7645670530235485,0.9760318875544134,145,6|7|10|51|54|55|61|62
3.7019011031275677,12.193333333333333,0.7539203860072377,0.9886715267215608,146,7|18|26|31|34|45|48|58
2.9504199227286234,11.889999999999999,0.8968899145119841,0.9920281113966539,147,2|8|20|29|30|48|51|65
4.569418803867065,12.508333333333333,0.6220170976031888,0.8430272198038495,148,3|9|13|14|31|49|54|56
3.5783238055278757,13.618333333333334,0.7966643939791263,0.9890910998059474,149,6|13|18|20|35|45|48|49
3.561454782259051,11.618333333333334,0.7863848534116537,0.9907169455079456,150,3|17|20|29|30|49|55|59
3.810431810632681,13.055,0.7237111239313998,0.9621859757696544,151,7|33|35|51|59|63|65|66
3.467280641946819,16.353333333333335,0.7827135889232706,0.9631300152095243,152,13|15|24|33|48|57|62|64
3.8322561668502297,15.533333333333333,0.7126973304662506,0.9792835789584098,153,1|24|29|44|46|48|52|61
3.6868432370063458,14.264999999999999,0.7754759532176011,0.9391094561283894,154,8|16|19|20|32|52|56|64
3.153118476949704,15.203333333333335,0.888131326375413,0.9875177007394975,155,10|11|19|29|41|46|53|60
3.586245782416391,14.264999999999999,0.8175906015629097,0.9583573713746263,156,8|11|17|24|35|39|63|65
3.680966416671037,13.618333333333334,0.7455289243195049,0.9808045313893113,157,6|12|13|14|17|31|37|61
4.351837992342791,15.841666666666667,0.5989405779619238,0.9278334294854985,158,14|16|20|22|27|32|47|61
3.6187549168720827,14.486666666666668,0.7389206482404154,0.9858394084019511,159,7|8|39|49|51|61|64|66
3.91643292949424,15.535,0.7137462631772172,0.9644936277337809,160,1|5|6|12|36|46|60|64
3.603040943340151,13.270000000000001,0.7585356899354906,0.972622856243772,161,2|10|12|15|16|44|63|66
3.2517529413821435,15.401666666666667,0.8576073844862852,0.9842135626999527,162,9|11|18|22|32|41|56|60
4.123643904826839,13.618333333333334,0.688099858394084,0.9075890281638432,163,6|8|16|20|27|44|55|56
3.714618101082149,15.203333333333335,0.7314732259925526,0.9605601300676562,164,10|14|22|29|31|37|39|46
8.599021782835965,19.56,0.344679288823622,0.4106571563434206,165,8|9|10|11|13|14|22|32
3.0505617034667223,14.264999999999999,0.8641632139298264,0.9854198353175644,166,8|22|31|34|44|51|63|65
3.633005629272215,14.54,0.7677138511564483,0.9707347773640321,167,8|12|25|32|45|57|61|62
3.960567997062988,15.841666666666667,0.7308438663659726,0.9293543819164001,168,13|16|26|35|44|53|55|57
3.8240781629691787,12.508333333333333,0.7180468872921802,0.972465516337127,169,7|8|16|18|31|33|37|45
3.4766751455394136,16.246666666666666,0.8169087953007814,0.9697907379241621,170,12|20|23|40|51|57|60|65
3.5420823062533873,15.521666666666667,0.7847590077096555,0.9693711648397755,171,8|32|36|43|51|63|64|65
3.4704352196639916,14.264999999999999,0.7994440656631877,0.9772906068075733,172,8|20|22|37|39|43|64|65
3.882118232198738,14.368333333333334,0.6838516809146693,0.9723606230660303,173,2|12|13|22|41|42|45|50
3.2777381514309187,14.486666666666668,0.8247757906330309,0.9900351392458174,174,6|9|22|39|48|49|52|63
3.869073442771979,15.328333333333335,0.7227146378559816,0.9514344154822468,175,7|8|16|22|26|46|59|66
4.037321812555724,16.246666666666666,0.7077673467247076,0.9272565164944668,176,12|17|18|19|32|45|46|63
3.8875911260292657,13.723333333333333,0.7353018303875807,0.9551056799706299,177,2|10|11|16|21|45|52|65
3.2279273963741892,14.131666666666666,0.8354224576493418,0.9854722819531128,178,7|17|18|22|41|60|61|63
4.652235013373892,14.264999999999999,0.6184507263859024,0.8853516546913516,179,8|16|19|26|38|52|54|55
3.2128171710284787,16.353333333333335,0.8520480411181622,0.9792311323228615,180,13|27|32|35|43|44|61|64
4.0350701910805755,14.264999999999999,0.6809146693239628,0.9682173388577123,181,8|9|10|14|31|34|45|58
4.50836165451653,14.264999999999999,0.6664918445481722,0.8455971049457177,182,8|11|27|32|37|49|53|56
3.3588774671771473,15.841666666666667,0.8522053810248073,0.9854198353175644,183,16|25|30|45|55|58|63|66
3.854288473977728,18.775,0.7289557874862328,0.9520113284732784,184,24|31|45|46|56|60|61|64
3.6599111903638053,15.401666666666667,0.7719095820003147,0.9812765511092464,185,9|13|16|18|37|45|55|61
3.5029465393961647,12.508333333333333,0.809513819688467,0.991241411863429,186,2|17|24|31|42|56|64|65
3.83736761595077,13.618333333333334,0.7239209104735931,0.9285152357476268,187,6|31|41|43|44|46|56|64
3.6591652243841897,15.401666666666667,0.7397073477736403,0.97771017989196,188,1|9|24|35|37|41|51|59
5.132405377528365,14.056666666666667,0.525934861278649,0.8076781874442754,189,2|8|11|12|17|27|40|54
3.5176664743623363,15.203333333333335,0.7975559867834479,0.9856296218597577,190,1|10|34|37|50|61|65|66
4.117381776542368,15.401666666666667,0.6923480358734987,0.922011852939634,191,9|11|12|26|36|51|56|58
5.548291550847013,14.548333333333334,0.5343263229663817,0.7310536529081659,192,8|11|12|14|15|29|31|34
4.138878166465622,15.841666666666667,0.6574185765983113,0.9612419363297845,193,13|15|16|22|52|54|56|61
3.296914826663869,15.203333333333335,0.83578958409818,0.9803325116693764,194,10|20|31|41|43|49|50|63
4.157780196150417,16.143333333333334,0.6872607122253107,0.878586038705617,195,14|19|20|25|30|35|41|43
3.7963736647960697,18.775,0.7121204174752189,0.9504903760423768,196,24|34|41|44|45|59|63|65
3.8371807311060993,13.618333333333334,0.7515602874075628,0.9029212776000419,197,6|16|24|29|32|34|51|55
3.96826751280572,13.948333333333332,0.7308438663659726,0.9197566476110558,198,4|14|24|30|32|49|52|57
3.704110068005804,13.266666666666667,0.7866470865893953,0.9671684061467457,199,3|8|10|15|24|28|35|62
3.5568399153860946,13.618333333333334,0.7852834740651388,0.9731473225992553,200,1|6|9|22|29|45|46|56
4.015357948287617,14.315,0.7343577909477107,0.9133581580741595,201,5|13|14|17|31|35|52|55
4.146084246778902,13.228333333333333,0.7117532910263806,0.9098966801279698,202,3|17|24|34|43|49|51|53
4.876973042429329,17.45,0.5958462264645723,0.8250380238107725,203,3|11|12|16|20|32|60|63
3.5447204594325274,15.203333333333335,0.8046887292180207,0.9668537263334557,204,10|18|21|23|32|41|58|60
4.192522857991993,13.618333333333334,0.6756175591335816,0.8976241674096607,205,6|13|18|19|20|37|43|51
5.076231447002674,14.425,0.5285571930560654,0.8200031467981329,206,3|11|13|14|17|18|38|55
4.1413817066135215,12.508333333333333,0.6523312529501233,0.981853464100278,207,3|6|9|30|31|40|46|59
3.6334641002779677,14.264999999999999,0.7252845229978497,0.9798604919494415,208,8|10|16|30|35|41|43|61
3.4177232915508466,15.203333333333335,0.8132375308123984,0.9747207216657051,209,10|12|20|43|51|56|61|62
3.750054020034615,11.17,0.7576965437667174,0.9830072900823412,210,3|7|16|25|38|43|49|65
4.262771804688729,16.143333333333334,0.6729427807206168,0.902134578066817,211,12|14|17|20|33|59|61|65
3.5264671946294643,15.521666666666667,0.7769969056485027,0.9758745476477684,212,2|16|32|43|46|51|62|65
3.447965070540725,15.061666666666667,0.781979336025594,0.9763990140032517,213,7|8|10|17|22|51|56|66
3.8629217146553376,16.226666666666667,0.7430114858131851,0.9824303770913096,214,11|12|23|28|31|48|59|61
3.4254628415587143,11.889999999999999,0.8290764147479939,0.986468768028531,215,2|12|15|30|31|43|59|60
3.7022885963532106,13.618333333333334,0.7639376933969686,0.9305082078984633,216,6|9|20|29|35|43|44|55
3.392984038740581,15.401666666666667,0.8310169402632821,0.9831646299889862,217,9|14|24|27|32|41|52|60
3.37597891645251,16.226666666666667,0.8409293543819164,0.9808569780248597,218,11|12|19|22|39|43|55|65
3.6034823691893503,14.264999999999999,0.7451093512351182,0.976923480358735,219,8|11|14|25|51|61|62|64
3.490085575427003,15.203333333333335,0.7823464624744323,0.9732522158703519,220,10|13|16|24|39|41|50|64
4.0789508050558565,15.841666666666667,0.7225572979493365,0.9410499816436776,221,15|16|19|27|29|42|47|56
3.9364310938619957,16.226666666666667,0.682697854932606,0.9647034142759742,222,11|12|32|36|37|38|41|45
3.2885661089841083,14.423333333333334,0.8385168091466932,0.9845806891487912,223,6|14|17|39|42|48|51|63
3.306524011817975,12.508333333333333,0.8071537210887921,0.9900875858813657,224,2|13|16|22|31|39|48|55
4.239254995542036,14.131666666666666,0.6264226149892484,0.93061310116956,225,0|10|12|17|18|44|50|52
3.492713501512211,16.226666666666667,0.8428698798972046,0.9798604919494415,226,11|32|34|46|56|62|63|64
3.142354154647646,16.226666666666667,0.8506844285939057,0.9806471914826664,227,11|18|22|28|32|41|48|64
3.2365644831384066,14.368333333333334,0.8474851838254576,0.9910840719567839,228,3|14|16|41|43|45|55|65
3.6233264278596526,13.618333333333334,0.786751979860492,0.9639167147427492,229,6|18|19|21|32|44|52|65
3.329967133441723,16.226666666666667,0.8973094875963707,0.9822730371846646,230,11|15|24|29|45|46|54|60
3.398554133668992,15.841666666666667,0.8551423926155137,0.9805422982115697,231,16|23|24|29|45|46|58|63
3.604354906382755,14.264999999999999,0.7749514868621178,0.9446687994965123,232,8|9|19|22|24|39|42|65
3.492097778010874,15.841666666666667,0.7960874809880946,0.9704200975507421,233,16|24|43|44|48|52|56|62
3.5492553451862734,16.226666666666667,0.805842555200084,0.9797031520427965,234,11|15|29|30|37|45|62|65
3.98354731560637,12.395000000000001,0.7100225520532858,0.9717837100749986,235,2|3|9|15|45|48|52|63
3.4578617506686946,13.948333333333332,0.8019615041695075,0.9737766822258352,236,4|13|18|24|30|37|45|56
3.406690442474782,16.143333333333334,0.8350553312005035,0.9824303770913096,237,11|14|15|20|22|31|46|62
3.7001612734043112,14.315,0.7604237688152305,0.9827975035401479,238,5|11|12|16|26|37|43|48
4.320632506424713,15.096666666666666,0.6193947658257722,0.9199139875177007,239,3|5|9|12|23|43|44|51
3.421485725774025,12.193333333333333,0.8025908637960875,0.9874652541039493,240,7|9|19|22|29|31|54|59
3.653981049282355,16.246666666666666,0.7659306655478051,0.9819583573713746,241,12|18|24|27|30|32|48|61
3.504726053740319,10.991666666666667,0.8135522106256884,0.9883044002727225,242,3|25|30|32|37|58|61|66
3.673956137130469,15.18,0.7522945403052395,0.9720983898882887,243,3|4|8|12|13|22|51|60
3.8682150661701717,15.401666666666667,0.6724183143651334,0.9655950070802958,244,9|18|22|24|44|47|49|61
3.844374311637908,15.841666666666667,0.7234488907536581,0.9618188493208161,245,16|22|25|42|43|45|52|55
4.1449228160346845,15.061666666666667,0.6471390360308387,0.9052813761997168,246,4|10|11|12|17|32|44|55
3.55823849233405,14.486666666666668,0.7794618975192742,0.9888288666282058,247,7|20|23|39|46|50|53|61
3.5654852187898816,15.401666666666667,0.794723868463838,0.9763990140032517,248,9|13|20|22|24|35|59|66
3.6261671998741285,14.423333333333334,0.7601090890019405,0.9653327739025541,249,8|9|11|14|22|43|60|65
3.1636343770213804,15.203333333333335,0.8578696176640268,0.9828499501756962,250,1|10|17|24|39|48|53|63
3.635702697505288,11.618333333333334,0.7722242618136047,0.9357528714532962,251,0|14|16|22|29|32|44|53
3.8562553102218495,15.401666666666667,0.7215608118739183,0.9547385535217916,252,9|16|23|24|40|45|49|55
3.3078951416933275,15.401666666666667,0.8433943462526879,0.9846855824198878,253,9|14|16|18|41|55|63|66
3.3549601405569835,13.618333333333334,0.8458593381234594,0.9892484397125925,254,6|12|20|31|53|58|61|66
3.7756184332441745,13.618333333333334,0.7780458383594693,0.9639691613782976,255,1|6|11|13|24|35|62|63
3.6046401286690797,16.353333333333335,0.7518749672208528,0.9568888655792731,256,13|18|32|44|46|60|62|65
3.544434625268789,14.423333333333334,0.7670844915298684,0.9694236114753239,257,5|8|14|17|51|59|60|63
3.9327736403209737,13.525,0.6885194314784706,0.9655950070802958,258,0|5|9|12|22|33|37|46
3.9930092131256445,14.131666666666666,0.6997954581213616,0.9434100802433524,259,3|17|18|32|47|49|51|54
3.469223003094352,16.99,0.8243037709130959,0.9778675197986049,260,17|30|39|43|44|46|54|65
3.3443528959283926,12.508333333333333,0.8298631142812188,0.9838464362511145,261,7|10|16|31|34|39|43|63
3.7494018461215712,14.721666666666666,0.7750039334976662,0.944459012954319,262,8|13|20|27|45|48|59|63
3.271104176500411,15.203333333333335,0.8560864320553836,0.9829023968112446,263,10|11|18|20|35|41|61|66
3.9302333875281907,15.841666666666667,0.6883620915718257,0.9737242355902869,264,12|16|17|18|41|43|51|61
3.2396305134525623,15.841666666666667,0.8632716211255048,0.9823254838202129,265,14|16|22|39|52|55|63|65
4.102620059089876,15.203333333333335,0.6771909582000315,0.9091624272302932,266,10|15|17|20|32|37|39|52
4.039649656474537,15.625,0.6968584465306551,0.8945822625478576,267,8|14|16|24|46|61|64|65
4.867419625531022,19.078333333333333,0.5313368647401269,0.893690669743536,268,19|21|26|37|39|43|44|57
4.58289487946015,15.931666666666667,0.6126291498400378,0.9045471233020401,269,5|16|33|45|46|53|55|61
3.2448315588888303,15.841666666666667,0.8833062359049667,0.9845806891487912,270,11|16|26|29|51|56|59|62
4.4821880736350765,15.805,0.5709865212146641,0.9252110977080821,271,7|8|11|16|18|27|32|59
3.352905805842555,13.228333333333333,0.8672051187916295,0.9933917239209105,272,0|2|13|34|43|52|53|65
3.325608206150242,16.226666666666667,0.8455446583101695,0.9815912309225363,273,11|12|20|21|22|31|44|63
2.981462037376969,12.508333333333333,0.9118896522788064,0.9934966171920071,274,3|20|31|34|51|56|61|65
4.291048408244611,15.841666666666667,0.6188702994702889,0.9438820999632873,275,12|13|16|20|44|45|52|58
4.177126711071485,15.401666666666667,0.6955997272774952,0.880159437772067,276,9|15|29|32|34|35|43|50
4.003119263649237,13.618333333333334,0.6779252110977081,0.9686893585776473,277,6|8|11|15|20|45|46|50
3.540167741822695,15.061666666666667,0.785493260607332,0.9801227251271831,278,3|6|10|12|44|49|56|63
3.2387754584710056,13.228333333333333,0.8433418996171396,0.9856296218597577,279,7|13|16|22|34|44|61|66
3.082895403926505,16.246666666666666,0.8722399958042691,0.9830597367178896,280,12|20|24|34|51|57|61|64
4.111475760913271,16.246666666666666,0.6433628782713589,0.9403681753815493,281,12|22|24|26|36|62|64|65
3.8790826209332,16.143333333333334,0.7317354591702943,0.957203545392563,282,13|14|15|19|20|29|38|46
3.6394985227530987,14.315,0.7753710599465045,0.9738815754969319,283,5|12|14|18|22|43|49|63
3.4679946154787507,15.841666666666667,0.8317511931609587,0.9784968794251849,284,15|16|22|24|35|46|61|66
3.881181884932081,15.203333333333335,0.7606860019929722,0.9605076834321078,285,10|11|14|24|32|36|49|62
3.62775196237828,15.401666666666667,0.7489904022656947,0.9676404258666806,286,9|13|14|16|24|51|65|66
4.280562140522019,15.866666666666667,0.6787119106309331,0.8783762521634237,287,1|11|12|22|32|57|61|66
3.6209819758395834,12.193333333333333,0.7579063303089106,0.9889337598993024,288,7|10|14|15|16|50|52|64
3.5277191832310626,13.948333333333332,0.8395657418576599,0.9867310012062727,289,4|11|35|43|44|45|56|63
4.537615863359033,16.42,0.6332931242460796,0.8626947081344731,290,7|8|11|12|13|57|64|65
3.4024493452911666,12.508333333333333,0.8577647243929302,0.9943357633607804,291,0|12|17|30|31|37|56|63
3.1058733238929386,16.99,0.8765930665547805,0.9844233492421461,292,15|17|18|29|43|48|50|64
4.105403314627367,15.625,0.7353018303875807,0.9055960560130067,293,0|2|18|20|46|56|60|65
3.376841226551983,14.423333333333334,0.8129752976346567,0.981224104473698,294,6|11|12|14|32|39|45|64
4.051572874600094,15.401666666666667,0.7101798919599308,0.9432002937011591,295,9|11|14|21|38|45|46|64
3.4391953811996294,11.401666666666667,0.8165416688519431,0.9836366497089212,296,3|14|26|30|33|43|60|64
3.6838942501005225,15.203333333333335,0.7893218650023601,0.9830597367178896,297,1|10|11|14|38|39|56|64
3.910883550986872,15.545,0.7255467561755914,0.9594063040855929,298,6|9|24|32|49|61|62|63
4.500724200625863,16.143333333333334,0.6067551266586249,0.9240048250904704,299,11|14|17|18|19|45|46|59
3.1285494134717924,15.203333333333335,0.8904389783395396,0.9850002622331777,300,1|10|16|19|20|41|55|63
3.3438229226761766,14.264999999999999,0.832905019143022,0.9857869617664027,301,8|10|19|37|38|48|51|63
3.9015183300991243,14.423333333333334,0.6840614674568627,0.9757172077411234,302,7|14|16|43|46|48|52|58
3.5608993723885947,13.618333333333334,0.7742172339644412,0.9541091938952116,303,4|6|20|29|32|50|64|65
3.407735966154438,15.521666666666667,0.7735354277023129,0.9797031520427965,304,6|7|9|24|44|50|51|64
3.4973309907169456,14.264999999999999,0.7637279068547753,0.985524728588661,305,8|16|22|36|37|41|48|52
3.347224086991486,15.203333333333335,0.8209996328735512,0.9866261079351759,306,10|11|16|34|44|50|63|64
3.78532744182794,12.465,0.7915770703309383,0.9596160906277862,307,3|10|11|16|17|26|39|60
3.9484517753186137,12.629999999999999,0.7194104998164368,0.9080610478837783,308,3|7|9|12|14|30|51|56
5.824559098617157,22.691666666666666,0.47663502386321915,0.7128546703728956,309,34|39|45|48|54|55|56|58
3.2397805982412895,13.618333333333334,0.8712959563643993,0.9893008863481407,310,6|11|25|29|41|48|51|62
3.9257488505445703,13.618333333333334,0.6733623538050034,0.9272040698589186,311,6|11|13|20|22|31|32|64
3.340939057009493,11.889999999999999,0.8428174332616563,0.9869407877484659,312,2|11|29|32|51|59|61|66
3.336166150941417,16.143333333333334,0.8154927361409765,0.9692662715686788,313,12|14|15|24|44|46|55|65
3.4417401793674935,15.401666666666667,0.8027482037027325,0.9817485708291813,314,9|11|13|26|30|61|64|65
3.828653257810178,14.315,0.7680809776052866,0.9685844653065506,315,5|18|27|49|53|55|61|65
3.380760301393332,14.264999999999999,0.8300204541878639,0.9818010174647296,316,8|11|24|34|44|45|58|65
3.5066633450464146,16.226666666666667,0.83736298316463,0.9800178318560865,317,11|12|21|34|38|48|62|66
4.543225468086222,16.733333333333334,0.6046572612366916,0.8837258089893534,318,7|11|14|16|19|60|64|65
3.662092183703082,15.545,0.7633083337703886,0.9627104421251377,319,9|17|32|46|48|49|58|66
3.8060347721193684,12.508333333333333,0.7198825195363717,0.9890386531703991,320,3|7|8|30|31|43|47|48
3.9638925018793376,16.246666666666666,0.6858446530655058,0.9563119525882414,321,12|17|22|34|43|44|46|51
3.312605548854041,12.193333333333333,0.8624324749567315,0.985996748308596,322,7|11|22|27|29|59|61|66
3.9646071746997436,15.535,0.6644988723973357,0.9600356637121729,323,9|12|17|22|24|45|48|49
3.429536459152812,16.246666666666666,0.8289715214768972,0.9875177007394975,324,12|30|49|50|51|52|53|62
3.224545462491915,15.401666666666667,0.8536214401846122,0.9712067970839671,325,9|18|20|24|30|41|60|63
4.355525165643957,14.131666666666666,0.6225940105942204,0.9242670582682121,326,3|4|6|17|18|44|52|58
4.051795510567997,14.264999999999999,0.6998479047569098,0.9100015733990664,327,8|10|12|14|22|26|29|57
3.958214891348053,14.264999999999999,0.6892536843761473,0.9747731683012535,328,8|10|19|25|38|43|56|59
3.729445289418017,15.203333333333335,0.753343473016206,0.9644411810982325,329,10|33|38|48|49|56|61|65
3.8016546913515494,17.091666666666665,0.7359836366497089,0.9748780615723501,330,20|29|32|40|52|58|59|61
3.6761869547735175,15.841666666666667,0.782608695652174,0.9703152042796455,331,16|17|20|22|50|57|59|60
3.357086239751053,14.315,0.855981538784287,0.9857869617664027,332,5|24|30|34|50|55|62|66
3.586984318455971,15.203333333333335,0.7887449520113284,0.9444065663187706,333,10|21|24|32|48|53|58|65
3.554018111571476,15.203333333333335,0.7531336864740127,0.981853464100278,334,9|10|13|16|36|41|48|56
3.460241866400937,14.315,0.8276079089526407,0.9846855824198878,335,1|5|9|35|43|55|60|65
3.6467823989091097,13.266666666666667,0.7981853464100278,0.985524728588661,336,2|11|12|35|46|64|65|66
4.237987098127656,13.723333333333333,0.655478051083023,0.8988304400272723,337,3|6|12|13|21|22|39|51
3.6085234523871965,16.143333333333334,0.7709130959248964,0.9674830859600356,338,13|14|17|19|21|51|62|65
3.133469257530462,16.246666666666666,0.8731315886085907,0.9875701473750459,339,12|22|30|37|44|50|53|63
3.8315578398979033,15.521666666666667,0.7609482351707137,0.9456652855719305,340,0|4|5|24|51|57|60|61
3.7786376986416323,16.143333333333334,0.7123826506529606,0.9694236114753239,341,12|14|32|45|48|50|52|56
3.6997878533592075,12.508333333333333,0.7391304347826086,0.9884617401793675,342,3|8|14|30|31|32|52|59
2.894107620496145,12.193333333333333,0.921382493313054,0.9897204594325274,343,7|12|22|26|29|45|48|64
3.557123564273352,15.203333333333335,0.8039020296847957,0.9824303770913096,344,10|11|23|26|31|34|45|66
3.1641115539938114,11.618333333333334,0.8736560549640741,0.995227356165102,345,3|14|29|32|49|52|63|64
2.7917238334994146,13.948333333333332,0.9021870247023653,0.9897729060680758,346,4|13|31|41|48|55|63|64
3.687312459572385,12.193333333333333,0.7383437352493838,0.9670110662401007,347,7|29|43|46|59|60|65|66
3.6214983129665566,12.193333333333333,0.7327843918812608,0.9836890963444695,348,7|12|13|16|29|30|44|61
3.705468348455447,14.423333333333334,0.7477316830125348,0.9752976346567368,349,6|7|8|14|43|46|59|62
3.8422235625251306,15.841666666666667,0.7068233072848377,0.9570462054859181,350,14|16|20|22|23|27|41|46
3.855036450411706,18.926666666666666,0.7315781192636492,0.9377458436041328,351,28|29|30|32|37|41|63|64
3.6990744917046907,16.353333333333335,0.7605286620863272,0.9359102113599412,352,13|19|20|22|26|31|37|65
3.055756455306726,15.401666666666667,0.8836209157182566,0.9842660093355011,353,9|17|19|22|41|55|63|65
3.2770857152846977,16.143333333333334,0.861383542245765,0.9889337598993024,354,13|14|20|35|50|51|57|66
3.601672872851873,14.131666666666666,0.7342004510410657,0.9882519536371742,355,0|18|22|24|41|44|48|52
3.2855059352109226,15.203333333333335,0.8274505690459957,0.9848953689620811,356,10|12|17|22|29|36|55|64
3.5637754584710057,15.841666666666667,0.7883253789269419,0.963234908480621,357,14|16|21|22|23|43|63|64
3.5580951381968853,15.931666666666667,0.7645670530235485,0.9717312634394504,358,7|16|17|24|45|46|50|65
3.387756158109124,15.203333333333335,0.8302302407300571,0.9830597367178896,359,10|16|36|39|43|45|57|63
4.361963077568574,15.625,0.6214401846121571,0.9241097183615671,360,3|10|12|13|16|21|46|55
3.858878953165154,16.143333333333334,0.7203020926207584,0.9246341847170504,361,13|14|20|23|26|31|39|44
3.8321850142480027,15.931666666666667,0.7550742119893009,0.9678502124088739,362,2|7|8|16|49|57|59|62
4.3606774357091656,15.203333333333335,0.6435202181780039,0.8800020978654219,363,9|10|11|13|30|37|39|43
3.424569850177445,15.401666666666667,0.8255624901662558,0.9625006555829444,364,9|24|26|44|56|59|60|62
3.8307915945525433,15.841666666666667,0.7508260345098862,0.9678502124088739,365,11|13|16|18|34|43|45|57
3.760111012045244,13.055,0.8035873498715057,0.9750878481145434,366,7|23|35|37|39|49|55|63
3.654313298718553,14.368333333333334,0.7498295484344679,0.9833744165311795,367,3|4|5|11|41|51|59|64
3.203293648712435,14.264999999999999,0.8447579587769445,0.987098127655111,368,8|20|22|31|50|51|58|62
4.205817730459257,13.055,0.6727854408139717,0.9001940525515288,369,7|10|12|16|27|35|43|51
3.1327878883236306,15.203333333333335,0.8865054806734148,0.9873603608328526,370,10|17|29|31|37|43|56|63
5.139201587384837,14.251666666666667,0.5468610688624325,0.7774164787328893,371,7|10|16|20|22|28|36|50
3.482053460603835,15.841666666666667,0.7921015366864216,0.9790737924162165,372,12|13|16|18|32|41|51|65
3.657792521109771,15.401666666666667,0.7247600566423664,0.9609272565164945,373,9|13|16|20|32|41|46|57
3.2085242390867292,16.353333333333335,0.8549326060733204,0.9874652541039493,374,13|29|31|43|46|48|50|63
3.2374295903917765,15.203333333333335,0.854722819531127,0.9864163213929826,375,10|32|39|40|49|55|61|63
4.189011380919914,14.264999999999999,0.6904075103582106,0.9103162532123564,376,8|12|18|19|20|32|35|52
3.4372573906050596,15.401666666666667,0.7868568731315886,0.9756123144700267,377,9|20|24|27|49|51|60|65
3.313345483470569,16.226666666666667,0.8481145434520375,0.9844233492421461,378,11|20|24|31|35|45|52|65
4.480207950909949,14.315,0.6092725651649447,0.8910158913305711,379,5|28|29|30|37|44|57|61
3.422467264558312,15.129999999999999,0.8101956259505952,0.9741962553102218,380,4|16|20|43|47|48|60|64
3.1491328822922675,14.264999999999999,0.8557717522420937,0.9855771752242094,381,8|9|12|15|31|41|44|62
3.1382736315798674,13.948333333333332,0.8748098809461373,0.9868883411129176,382,4|9|24|29|41|54|56|65
3.7188233597314735,13.266666666666667,0.7855981538784287,0.9834268631667279,383,2|9|35|46|47|48|58|65
3.8404247303368817,15.841666666666667,0.6994283316725232,0.9776577332564116,384,11|16|22|36|41|45|49|61
3.730761175503925,15.863333333333333,0.7490952955367913,0.9522211150154718,385,3|8|22|32|42|46|60|62
4.971680302791909,13.525,0.5801646824356218,0.7829233754654639,386,3|10|11|12|14|20|24|37
3.823323630705757,12.629999999999999,0.7304767399171344,0.9726753028793202,387,3|6|18|20|22|30|35|45
2.9126525760039166,11.618333333333334,0.9061729690040384,0.9946504431740704,388,0|7|22|29|41|45|48|66
4.007589989685496,14.423333333333334,0.6575234698694079,0.9559448261394031,389,4|10|14|16|22|44|45|59
3.366431006450936,14.264999999999999,0.8285519483925107,0.9882519536371742,390,8|17|24|29|31|52|64|65
3.685820177968916,15.401666666666667,0.7396024545025437,0.963077568573976,391,9|22|24|30|32|35|46|56
3.476438436390972,15.401666666666667,0.8190591073582629,0.9846855824198878,392,9|11|12|14|16|41|57|65
4.3450991241411865,13.055,0.6680652436146222,0.8890229191797346,393,3|11|20|22|35|37|43|49
3.7791818324854463,15.535,0.7601090890019405,0.9216447264907957,394,3|12|32|46|48|52|53|65
3.810304103075121,13.618333333333334,0.7084491529868359,0.9762416740966067,395,6|8|20|22|28|30|53|66
4.736690355063722,15.203333333333335,0.5635915456023496,0.8813132637541302,396,1|9|10|12|13|20|33|46
3.2362654499047223,13.618333333333334,0.8347406513872135,0.9873603608328526,397,6|8|13|18|24|29|55|64
3.727586930298421,14.264999999999999,0.7349347039387424,0.9816436775580847,398,8|10|11|34|37|51|57|59
3.6407032219716435,15.841666666666667,0.7715949021870248,0.9789688991451199,399,16|24|34|38|44|51|53|61
3.323105977168231,16.143333333333334,0.8016992709917659,0.9848953689620811,400,14|24|30|39|48|50|55|57
3.5251493855002534,15.203333333333335,0.799024492578801,0.9712592437195154,401,9|10|12|16|20|51|54|64
3.391498487788675,14.264999999999999,0.8288141815702522,0.9852624954109194,402,8|17|30|34|35|46|64|66
3.9038633939966085,14.315,0.692872502228982,0.9654376671736508,403,5|9|10|11|21|24|43|61
3.477612978794077,12.193333333333333,0.7736927676089579,0.9803325116693764,404,6|7|9|15|16|46|51|65
3.8208858236744114,17.048333333333332,0.7560182514291708,0.9606125767032044,405,19|22|26|29|45|55|56|57
3.7526232932990684,14.721666666666666,0.7692348035873499,0.9473435779094771,406,4|11|14|17|21|46|48|65
3.7699754374923518,13.618333333333334,0.7161588084124404,0.9287774689253684,407,4|6|13|22|29|30|41|44
4.2832531773920035,14.395000000000001,0.6575759165049562,0.8943200293701159,408,5|6|7|20|22|27|30|66
3.9016341497526272,11.401666666666667,0.7105994650443174,0.9335501127602664,409,0|12|13|20|22|26|31|44
3.48885858638835,12.629999999999999,0.8212618660512928,0.9897204594325274,410,3|12|13|21|30|46|61|66
3.9162116046922253,13.948333333333332,0.6678030104368805,0.9265747102323386,411,4|8|9|16|17|24|31|64
3.626987552665163,12.629999999999999,0.7379241621649971,0.9838988828866628,412,7|11|13|17|30|39|46|59
3.922590863796087,14.368333333333334,0.6733623538050034,0.9711019038128704,413,0|24|32|41|44|46|49|66
3.9892863761123056,15.401666666666667,0.6703728955787486,0.9685844653065506,414,9|20|43|45|46|47|52|61
3.433202041922344,14.264999999999999,0.8341112917606336,0.9711543504484187,415,8|11|22|25|31|32|50|62
5.039492403978952,15.061666666666667,0.5274033670740021,0.8305973671788954,416,0|3|9|10|11|17|32|52
4.177416478732889,16.226666666666667,0.6687470498767504,0.9128336917186762,417,11|13|32|35|39|43|51|52
3.324723169175364,12.508333333333333,0.8640583206587298,0.995070016258457,418,0|16|31|37|46|52|54|63
4.05934511634412,16.226666666666667,0.6681701368857188,0.9750878481145434,419,11|12|43|45|49|50|57|61
3.1457068932361323,12.629999999999999,0.842607646719463,0.9767136938165417,420,7|9|17|22|24|30|41|63
3.6591375150784073,16.143333333333334,0.7640950333036136,0.9651754339959092,421,14|17|20|34|41|46|49|53
3.6688205625775776,15.401666666666667,0.7841820947186238,0.9608223632453978,422,9|11|13|18|38|44|48|63
3.357064212164123,16.226666666666667,0.8240415377353543,0.9836366497089212,423,11|30|41|44|52|57|59|65
4.349291445953742,16.461666666666666,0.6333455708816279,0.9199664341532491,424,3|12|17|23|58|63|65|66
3.5028856138878695,13.228333333333333,0.76703204489432,0.9836890963444695,425,6|7|14|20|34|41|59|61
3.801276201465009,14.451666666666666,0.7524518802118844,0.9771332669009283,426,2|13|19|25|48|59|60|61
3.6302407300571664,15.401666666666667,0.7408087271201552,0.9604552367965595,427,9|13|17|24|32|44|52|65
4.252645058652821,15.061666666666667,0.6319819583573714,0.9566266324015315,428,8|9|10|13|16|40|49|59
3.702833604307617,15.521666666666667,0.7400220275869303,0.9734620024125452,429,3|6|9|45|51|55|65|66
3.443467334487159,13.618333333333334,0.8448628520480411,0.9873079141973042,430,6|11|16|22|24|37|54|62
3.2241347179245117,12.629999999999999,0.8412964808307547,0.9895631195258824,431,3|8|12|21|24|30|51|66
4.465822800300694,15.841666666666667,0.6530130592122515,0.9075890281638432,432,11|12|16|17|32|34|35|52
4.008528434817573,15.203333333333335,0.7316830125347459,0.9118896522788064,433,10|17|24|25|30|33|52|56
3.4978883236307055,14.264999999999999,0.795825247810353,0.9669586196045523,434,8|9|26|32|33|43|63|64
3.1478273981224105,11.889999999999999,0.85996748308596,0.9917658782189123,435,2|6|13|20|29|44|50|65
3.085925246062132,14.264999999999999,0.8458068914879111,0.9849478155976295,436,8|11|20|31|32|44|45|64
3.432950735127008,16.226666666666667,0.8494781559762942,0.9799129385849897,437,11|15|22|39|55|57|60|64
3.3771283718816103,16.143333333333334,0.8187968741805213,0.9787066659673782,438,14|17|32|37|45|62|63|66
5.052144455516512,17.066666666666666,0.5491162741910106,0.7995489589342843,439,5|8|9|16|53|54|64|65
3.793609290047377,15.841666666666667,0.7244978234646248,0.9577804583835947,440,14|16|17|18|24|35|46|51
3.8622612366916655,11.618333333333334,0.7030995961609062,0.9567315256726281,441,1|3|29|44|54|59|60|65
3.4533167252320762,16.99,0.7931504693973882,0.9735144490480936,442,17|22|24|39|45|51|56|65
3.258695040296498,14.264999999999999,0.8441810457859128,0.9831121833534379,443,8|12|15|27|29|51|60|65
3.630419310851208,15.203333333333335,0.7514553941364661,0.957360885299208,444,10|11|24|32|33|44|63|64
3.465891942448559,14.486666666666668,0.8428698798972046,0.9878848271883359,445,7|11|20|22|39|53|54|63
3.779989335850772,12.629999999999999,0.7033093827030996,0.9834793098022762,446,3|9|10|14|30|37|51|59
3.3447833953951855,12.508333333333333,0.8158074159542665,0.9862589814863376,447,4|7|9|14|31|43|50|64
4.091900316428035,16.246666666666666,0.7198825195363717,0.8968899145119841,448,12|15|18|20|35|37|51|56
4.997935263369522,17.066666666666666,0.5581370955053233,0.7947763150993864,449,1|2|3|12|14|22|53|66
3.8512282127934827,15.545,0.7029947028898096,0.9693187182042272,450,0|9|11|22|48|49|54|56
4.237000839146169,16.226666666666667,0.6732574605339068,0.921225153406409,451,11|20|21|32|38|62|63|65
3.05573967238335,14.264999999999999,0.897833953951854,0.9889337598993024,452,8|11|17|20|29|41|53|64
3.433335343787696,16.226666666666667,0.7762626527508261,0.9765563539098967,453,11|13|22|39|51|59|64|66
3.9885617384311467,14.486666666666668,0.6670687575392038,0.9653852205381025,454,7|8|11|24|39|43|44|45
3.6207077673467247,14.368333333333334,0.7318403524413909,0.9821156972780196,455,6|9|13|41|46|52|55|59
3.2857346899529727,12.193333333333333,0.8399328683064982,0.981696124193633,456,7|11|12|22|29|35|43|65
3.693709463121275,17.048333333333332,0.7278544081397178,0.9705774374573871,457,22|25|31|41|44|46|47|59
3.7196190626038006,13.618333333333334,0.7636230135836786,0.9677977657733257,458,6|9|16|29|30|35|62|65
4.70439039527281,15.533333333333333,0.5150784077201448,0.9254208842502754,459,1|41|43|49|50|57|59|61
3.7308512963060085,15.203333333333335,0.7327319452457125,0.9320816069649132,460,10|18|22|32|37|44|49|56
3.9097181867449877,14.264999999999999,0.6966486599884617,0.972780196150417,461,8|11|18|40|43|48|57|59
3.6396600583905876,11.276666666666667,0.7827660355588189,0.9682697854932606,462,3|15|17|29|43|44|46|55
4.164779898952815,14.721666666666666,0.6601982482823727,0.9173441023758326,463,7|8|12|14|16|32|48|61
4.176668764532089,15.625,0.7097603188755441,0.8979388472229507,464,1|8|14|16|46|57|58|62
3.9478905963182465,16.226666666666667,0.6892012377405989,0.9256306707924686,465,11|20|24|30|35|37|44|50
3.3706335553574243,13.723333333333333,0.809513819688467,0.9747207216657051,466,6|12|21|24|44|46|49|64
3.2330391951189665,16.246666666666666,0.8622226884145382,0.9830597367178896,467,12|22|24|34|51|53|59|60
3.386375937483611,15.401666666666667,0.8116641317459485,0.9613992762364294,468,9|14|18|22|44|48|53|65
3.1474137689900528,15.203333333333335,0.8673100120627262,0.9876750406461425,469,10|11|29|31|41|46|55|62
3.655843604132795,14.315,0.7652488592856769,0.9655425604447475,470,5|13|17|18|20|43|62|64
3.9572663065331026,15.256666666666666,0.7521372003985944,0.9065400954528767,471,5|11|14|17|45|46|55|65
3.6218205101309424,16.246666666666666,0.7885876121046835,0.9709970105417738,472,12|18|38|43|48|54|57|60
3.3055549728151608,13.266666666666667,0.8817852834740652,0.9886190800860125,473,7|11|13|14|35|45|56|62
4.429140224821245,12.038333333333332,0.6317721718151781,0.9104211464834531,474,3|8|10|14|15|26|29|58
3.2814250624989074,17.048333333333332,0.8217338857712277,0.9755598678344785,475,22|32|37|48|55|56|60|66
3.5737350745616334,12.743333333333334,0.7747941469554728,0.991398751770074,476,3|6|17|22|30|32|54|60
3.621003041904862,16.226666666666667,0.7729585147112813,0.9759269942833168,477,11|13|19|23|44|50|51|65
4.440613188580619,15.203333333333335,0.6252163423716368,0.8924843971259244,478,9|10|11|12|13|21|39|51
3.1472135976643765,16.353333333333335,0.9005611790003671,0.9886715267215608,479,13|21|30|33|45|50|56|65
3.5591111169385146,16.226666666666667,0.7925735564063565,0.9751927413856402,480,11|18|24|41|43|47|50|65
3.2383638397930103,12.629999999999999,0.8682540515025962,0.9919232181255573,481,2|14|30|37|43|53|63|65
3.586985542210801,16.226666666666667,0.7803534903235957,0.967692872502229,482,11|21|22|26|43|44|64|66
4.0694158318910505,15.841666666666667,0.6962290869040751,0.9074841348927466,483,14|15|16|20|21|29|32|57
3.2805792730896317,11.746666666666666,0.8532018671002255,0.9778675197986049,484,3|8|9|20|29|36|41|60
3.404308491110295,16.143333333333334,0.8162794356742015,0.9794409188650548,485,12|14|19|24|32|37|44|66
3.040575252180906,12.508333333333333,0.8816279435674201,0.9928672575654272,486,3|22|31|32|39|55|59|65
3.284932169018024,14.264999999999999,0.8475376304610059,0.9871505742906592,487,8|12|22|30|45|48|60|61
3.397990507158966,14.264999999999999,0.7997062988409294,0.986468768028531,488,8|30|42|44|50|51|63|66
3.724826489047394,14.264999999999999,0.706403734200451,0.9768710337231866,489,1|8|9|22|30|32|35|59
4.023503959720983,15.203333333333335,0.6446215975245188,0.9509623957623119,490,1|10|11|17|24|45|47|51
4.466104963199944,15.931666666666667,0.641946819111554,0.8855089945979966,491,11|16|17|46|60|63|64|65
3.418287617349347,16.226666666666667,0.8422405202706247,0.9842660093355011,492,11|25|30|44|45|53|56|64
4.021077166483103,15.128333333333334,0.7093931924267058,0.906907221901715,493,6|14|32|33|46|61|64|65
3.1559085505498152,14.486666666666668,0.8426600933550112,0.9877799339172392,494,7|13|22|39|43|55|64|65
3.7135664586283452,16.353333333333335,0.7332564116011958,0.975979440918865,495,13|18|20|22|39|44|55|59
3.52349862764637,15.401666666666667,0.7874862327581685,0.9859443016730477,496,1|9|13|30|53|58|65|66
5.534683571965526,15.096666666666666,0.4729637593748361,0.7412283002045419,497,1|5|7|11|12|20|23|40
3.686982482823727,15.841666666666667,0.7709130959248964,0.958934284365658,498,13|16|22|38|44|46|48|60
3.195050086536949,13.723333333333333,0.8729742487019457,0.9873079141973042,499,4|7|20|21|22|39|48|62
